{"batch_loss": 2.2924649715423584, "_runtime": 208, "_timestamp": 1641484641, "_step": 5804, "gradients/final_linear.bias": {"_type": "histogram", "values": [1.0, 1.0, 0.0, 0.0, 0.0, 0.0, 0.0, 1.0, 0.0, 0.0, 1.0, 0.0, 0.0, 0.0, 1.0, 0.0, 0.0, 1.0, 0.0, 0.0, 0.0, 0.0, 0.0, 0.0, 0.0, 0.0, 0.0, 0.0, 0.0, 0.0, 0.0, 0.0, 0.0, 0.0, 0.0, 1.0, 0.0, 1.0, 0.0, 0.0, 0.0, 0.0, 0.0, 0.0, 0.0, 0.0, 0.0, 0.0, 0.0, 0.0, 0.0, 0.0, 0.0, 1.0, 0.0, 0.0, 0.0, 0.0, 0.0, 0.0, 0.0, 0.0, 0.0, 1.0], "bins": [-0.04339185357093811, -0.04159778729081154, -0.039803724735975266, -0.038009658455848694, -0.03621559590101242, -0.03442152962088585, -0.03262746334075928, -0.030833400785923004, -0.02903933636844158, -0.02724527195096016, -0.025451207533478737, -0.023657143115997314, -0.021863076835870743, -0.02006901428103447, -0.018274948000907898, -0.016480883583426476, -0.014686819165945053, -0.01289275474846363, -0.011098690330982208, -0.009304624982178211, -0.007510560564696789, -0.005716496147215366, -0.003922430798411369, -0.002128366380929947, -0.00033430010080337524, 0.0014597645495086908, 0.003253829199820757, 0.005047894082963467, 0.006841958500444889, 0.008636022917926311, 0.010430088266730309, 0.012224152684211731, 0.014018215239048004, 0.015812279656529427, 0.01760634407401085, 0.01940041035413742, 0.021194472908973694, 0.022988539189100266, 0.024782603606581688, 0.02657666802406311, 0.028370730578899384, 0.030164794996380806, 0.03195885941386223, 0.0337529256939888, 0.03554698824882507, 0.037341054528951645, 0.03913512080907822, 0.04092918336391449, 0.04272324964404106, 0.04451731592416763, 0.046311378479003906, 0.04810544475913048, 0.04989950731396675, 0.05169357359409332, 0.053487636148929596, 0.05528170242905617, 0.05707576870918274, 0.05886983498930931, 0.060663897544145584, 0.062457963824272156, 0.06425202637910843, 0.0660460889339447, 0.06784015893936157, 0.06963422149419785, 0.07142828404903412]}, "gradients/final_linear.weight": {"_type": "histogram", "values": [1.0, 0.0, 1.0, 0.0, 0.0, 0.0, 0.0, 0.0, 0.0, 1.0, 0.0, 0.0, 0.0, 1.0, 0.0, 0.0, 0.0, 0.0, 0.0, 0.0, 0.0, 0.0, 1.0, 491.0, 1.0, 0.0, 0.0, 0.0, 0.0, 0.0, 0.0, 0.0, 1.0, 0.0, 0.0, 0.0, 0.0, 0.0, 0.0, 0.0, 0.0, 0.0, 1.0, 0.0, 0.0, 0.0, 0.0, 0.0, 0.0, 0.0, 0.0, 0.0, 0.0, 0.0, 0.0, 0.0, 0.0, 0.0, 0.0, 0.0, 0.0, 0.0, 0.0, 1.0], "bins": [-0.00026672781677916646, -0.0002553188824094832, -0.00024390996259171516, -0.0002325010282220319, -0.00022109210840426385, -0.0002096831740345806, -0.00019827423966489732, -0.00018686530529521406, -0.00017545638547744602, -0.00016404745110776275, -0.00015263853128999472, -0.00014122959692031145, -0.00012982066255062819, -0.00011841174273286015, -0.00010700280836317688, -9.559388126945123e-05, -8.418495417572558e-05, -7.277602708199993e-05, -6.136709998827428e-05, -4.995816561859101e-05, -3.854923852486536e-05, -2.7140311431139708e-05, -1.5731377061456442e-05, -4.32244996773079e-06, 7.0864916779100895e-06, 1.8495420590625145e-05, 2.99043495033402e-05, 4.131328023504466e-05, 5.272220732877031e-05, 6.413113442249596e-05, 7.554006879217923e-05, 8.694899588590488e-05, 9.835787932388484e-05, 0.0001097668064176105, 0.00012117573351133615, 0.0001325846678810194, 0.00014399358769878745, 0.00015540252206847072, 0.00016681145643815398, 0.00017822039080783725, 0.00018962929607369006, 0.00020103823044337332, 0.00021244715026114136, 0.00022385608463082463, 0.00023526500444859266, 0.00024667393881827593, 0.0002580828731879592, 0.00026949180755764246, 0.0002809007419273257, 0.000292309676297009, 0.00030371861066669226, 0.0003151275450363755, 0.00032653645030222833, 0.0003379453846719116, 0.00034935431904159486, 0.00036076325341127813, 0.00037217215867713094, 0.0003835810930468142, 0.00039499002741649747, 0.00040639896178618073, 0.00041780786705203354, 0.0004292168014217168, 0.0004406257357914001, 0.00045203467016108334, 0.0004634436045307666]}, "gradients/linear_functions.0.bias": {"_type": "histogram", "values": [1.0, 0.0, 0.0, 0.0, 0.0, 0.0, 0.0, 0.0, 0.0, 0.0, 0.0, 0.0, 0.0, 0.0, 0.0, 0.0, 0.0, 0.0, 0.0, 0.0, 0.0, 0.0, 0.0, 0.0, 0.0, 0.0, 0.0, 0.0, 0.0, 0.0, 0.0, 0.0, 0.0, 0.0, 0.0, 0.0, 0.0, 0.0, 0.0, 0.0, 0.0, 0.0, 0.0, 0.0, 0.0, 0.0, 0.0, 0.0, 0.0, 0.0, 0.0, 0.0, 0.0, 0.0, 0.0, 0.0, 0.0, 0.0, 0.0, 0.0, 0.0, 0.0, 0.0, 49.0], "bins": [-0.0007113222382031381, -0.0007001771591603756, -0.0006890320219099522, -0.0006778869428671896, -0.0006667418056167662, -0.0006555967265740037, -0.0006444515893235803, -0.0006333065102808177, -0.0006221614312380552, -0.0006110163521952927, -0.0005998712149448693, -0.0005887261359021068, -0.0005775809986516833, -0.0005664359196089208, -0.0005552907823584974, -0.0005441457033157349, -0.0005330005660653114, -0.0005218554870225489, -0.0005107103497721255, -0.000499565270729363, -0.0004884201334789395, -0.000477275054436177, -0.00046612994628958404, -0.00045498483814299107, -0.0004438397299963981, -0.0004326946218498051, -0.00042154951370321214, -0.00041040440555661917, -0.00039925932651385665, -0.0003881142183672637, -0.0003769691102206707, -0.0003658240020740777, -0.0003546788648236543, -0.0003435337566770613, -0.00033238864853046834, -0.00032124354038387537, -0.00031009846134111285, -0.0002989533531945199, -0.0002878082450479269, -0.00027666313690133393, -0.00026551802875474095, -0.000254372920608148, -0.000243227812461555, -0.00023208271886687726, -0.00022093761072028428, -0.0002097925025736913, -0.00019864740897901356, -0.0001875023008324206, -0.0001763571926858276, -0.00016521208453923464, -0.00015406697639264166, -0.00014292188279796392, -0.00013177677465137094, -0.00012063166650477797, -0.00010948656563414261, -9.834146476350725e-05, -8.719635661691427e-05, -7.60512484703213e-05, -6.490614759968594e-05, -5.376104309107177e-05, -4.26159385824576e-05, -3.1470834073843434e-05, -2.0325729565229267e-05, -9.180628694593906e-06, 1.964478315130691e-06]}, "gradients/linear_functions.0.weight": {"_type": "histogram", "values": [9.0, 0.0, 0.0, 0.0, 0.0, 0.0, 0.0, 0.0, 0.0, 0.0, 0.0, 0.0, 9.0, 0.0, 0.0, 0.0, 0.0, 0.0, 0.0, 0.0, 0.0, 0.0, 0.0, 0.0, 0.0, 0.0, 0.0, 0.0, 0.0, 0.0, 0.0, 0.0, 0.0, 0.0, 0.0, 0.0, 0.0, 0.0, 0.0, 0.0, 0.0, 0.0, 0.0, 0.0, 0.0, 0.0, 0.0, 0.0, 0.0, 9.0, 0.0, 7065.0, 81.0, 9.0, 9.0, 0.0, 0.0, 0.0, 0.0, 0.0, 0.0, 0.0, 0.0, 9.0], "bins": [-7.671009660814576e-11, -7.523439510270791e-11, -7.375869359727005e-11, -7.22829920918322e-11, -7.080728364750044e-11, -6.933158214206259e-11, -6.785588063662473e-11, -6.638017913118688e-11, -6.490447762574902e-11, -6.342877612031117e-11, -6.195307461487332e-11, -6.047737310943546e-11, -5.90016646651037e-11, -5.752596315966585e-11, -5.6050261654227995e-11, -5.457456014879014e-11, -5.309885864335229e-11, -5.162315713791443e-11, -5.0147452163029627e-11, -4.867175065759177e-11, -4.719604915215392e-11, -4.572034417726911e-11, -4.424464267183126e-11, -4.2768941166393404e-11, -4.12932361915086e-11, -3.9817534686070744e-11, -3.834182971118594e-11, -3.6866128205748083e-11, -3.539042670031023e-11, -3.3914725194872375e-11, -3.243902021998757e-11, -3.0963318714549715e-11, -2.948762067855881e-11, -2.8011917438397482e-11, -2.6536215932959628e-11, -2.5060512692798298e-11, -2.3584811187360444e-11, -2.2109107947199114e-11, -2.0633404707037784e-11, -1.915770320159993e-11, -1.76819999614386e-11, -1.620629672127727e-11, -1.4730595215839415e-11, -1.3254891975678085e-11, -1.177919047024023e-11, -1.03034872300789e-11, -8.827784857279308e-12, -7.352082484479716e-12, -5.876379244318386e-12, -4.400676871518794e-12, -2.924974281878767e-12, -1.4492716922387405e-12, 2.6430680560851627e-14, 1.5021334870413128e-12, 2.977835859840905e-12, 4.453538232640497e-12, 5.929240605440089e-12, 7.404942978239681e-12, 8.880645351039274e-12, 1.0356347723838866e-11, 1.1832050964000196e-11, 1.3307753336799788e-11, 1.478345570959938e-11, 1.6259157215037234e-11, 1.7734860455198564e-11]}, "gradients/conv_functions.2.weight": {"_type": "histogram",