{"examples": {"_type": "images/separated", "width": 28, "height": 28, "format": "png", "count": 64}, "_runtime": 127, "_timestamp": 1641476879, "_step": 12521, "batch_loss": 0.011503523215651512, "gradients/final_linear.bias": {"_type": "histogram", "values": [1.0, 0.0, 0.0, 0.0, 0.0, 0.0, 0.0, 0.0, 0.0, 1.0, 0.0, 0.0, 0.0, 0.0, 0.0, 0.0, 0.0, 0.0, 0.0, 0.0, 0.0, 0.0, 0.0, 0.0, 0.0, 0.0, 0.0, 0.0, 0.0, 0.0, 0.0, 0.0, 1.0, 0.0, 2.0, 0.0, 1.0, 0.0, 0.0, 0.0, 0.0, 1.0, 0.0, 1.0, 0.0, 0.0, 1.0, 0.0, 0.0, 0.0, 0.0, 0.0, 0.0, 0.0, 0.0, 0.0, 0.0, 0.0, 0.0, 0.0, 0.0, 0.0, 0.0, 1.0], "bins": [-0.0036360453814268112, -0.0035299283917993307, -0.0034238111693412066, -0.003317694179713726, -0.0032115771900862455, -0.0031054599676281214, -0.002999342978000641, -0.0028932257555425167, -0.002787108765915036, -0.0026809917762875557, -0.0025748745538294315, -0.002468757564201951, -0.0023626405745744705, -0.0022565233521163464, -0.002150406362488866, -0.0020442893728613853, -0.001938172266818583, -0.0018320551607757807, -0.0017259381711483002, -0.0016198210651054978, -0.0015137039590626955, -0.001407586969435215, -0.0013014698633924127, -0.0011953527573496103, -0.0010892357677221298, -0.0009831186616793275, -0.0008770016138441861, -0.0007708845660090446, -0.0006647674599662423, -0.0005586504121311009, -0.00045253336429595947, -0.00034641625825315714, -0.0002402991522103548, -0.00013418207527138293, -2.806501288432628e-05, 7.805204950273037e-05, 0.00018416912644170225, 0.0002902862033806741, 0.00039640325121581554, 0.0005025203572586179, 0.0006086374633014202, 0.0007147545111365616, 0.000820871617179364, 0.0009269886650145054, 0.0010331057710573077, 0.00113922287710011, 0.0012453398667275906, 0.001351456972770393, 0.0014575739623978734, 0.0015636910684406757, 0.0016698080580681562, 0.0017759251641109586, 0.001882042270153761, 0.0019881592597812414, 0.002094276249408722, 0.002200393471866846, 0.0023065104614943266, 0.002412627451121807, 0.0025187446735799313, 0.0026248616632074118, 0.0027309786528348923, 0.0028370958752930164, 0.002943212864920497, 0.0030493298545479774, 0.0031554470770061016]}, "gradients/final_linear.weight": {"_type": "histogram", "values": [1.0, 0.0, 0.0, 0.0, 0.0, 0.0, 1.0, 1.0, 0.0, 1.0, 2.0, 0.0, 0.0, 0.0, 1.0, 0.0, 3.0, 0.0, 1.0, 2.0, 3.0, 2.0, 1.0, 3.0, 0.0, 1.0, 6.0, 1.0, 0.0, 5.0, 6.0, 5.0, 6.0, 16.0, 243.0, 102.0, 21.0, 14.0, 9.0, 3.0, 4.0, 8.0, 6.0, 3.0, 3.0, 0.0, 3.0, 2.0, 2.0, 2.0, 1.0, 1.0, 0.0, 0.0, 3.0, 0.0, 1.0, 0.0, 0.0, 0.0, 0.0, 0.0, 0.0, 1.0], "bins": [-0.037678565829992294, -0.03659882768988609, -0.03551909327507019, -0.03443935513496399, -0.03335961699485779, -0.032279882580041885, -0.031200144439935684, -0.030120408162474632, -0.02904067188501358, -0.02796093560755253, -0.026881199330091476, -0.025801461189985275, -0.024721724912524223, -0.02364198863506317, -0.02256225049495697, -0.02148251421749592, -0.020402777940034866, -0.019323041662573814, -0.018243305385112762, -0.01716356724500656, -0.01608383096754551, -0.015004094690084457, -0.01392435748130083, -0.012844620272517204, -0.011764883995056152, -0.0106851477175951, -0.009605410508811474, -0.008525673300027847, -0.007445937022566795, -0.006366200279444456, -0.005286463536322117, -0.004206726793199778, -0.003126993775367737, -0.0020472570322453976, -0.0009675202891230583, 0.00011221645399928093, 0.0011919531971216202, 0.0022716899402439594, 0.0033514266833662987, 0.004431163426488638, 0.005510900169610977, 0.006590636912733316, 0.007670373655855656, 0.008750110864639282, 0.009829847142100334, 0.010909583419561386, 0.011989320628345013, 0.01306905783712864, 0.014148794114589691, 0.015228530392050743, 0.016308266669511795, 0.017388004809617996, 0.018467741087079048, 0.0195474773645401, 0.0206272155046463, 0.021706951782107353, 0.022786688059568405, 0.023866424337029457, 0.02494616061449051, 0.02602589875459671, 0.027105635032057762, 0.028185371309518814, 0.029265109449625015, 0.030344845727086067, 0.03142458200454712]}, "gradients/linear_functions.0.bias": {"_type": "histogram", "values": [1.0, 0.0, 0.0, 0.0, 0.0, 1.0, 0.0, 0.0, 0.0, 0.0, 0.0, 0.0, 0.0, 1.0, 0.0, 0.0, 0.0, 0.0, 1.0, 0.0, 0.0, 1.0, 1.0, 1.0, 0.0, 1.0, 0.0, 0.0, 1.0, 1.0, 2.0, 1.0, 2.0, 5.0, 3.0, 2.0, 1.0, 2.0, 6.0, 4.0, 3.0, 2.0, 0.0, 0.0, 1.0, 0.0, 1.0, 0.0, 0.0, 0.0, 1.0, 0.0, 0.0, 0.0, 1.0, 1.0, 0.0, 0.0, 1.0, 0.0, 0.0, 0.0, 0.0, 1.0], "bins": [-0.002750254003331065, -0.002680649282410741, -0.0026110445614904165, -0.0025414396077394485, -0.0024718348868191242, -0.0024022301658988, -0.0023326254449784756, -0.0022630207240581512, -0.002193416003137827, -0.0021238112822175026, -0.0020542065612971783, -0.0019846016075462103, -0.001914996886625886, -0.0018453921657055616, -0.0017757874447852373, -0.001706182723864913, -0.001636577770113945, -0.0015669730491936207, -0.0014973682118579745, -0.0014277634909376502, -0.001358158653602004, -0.0012885539326816797, -0.0012189492117613554, -0.001149344490841031, -0.001079739653505385, -0.0010101349325850606, -0.0009405300952494144, -0.0008709253743290901, -0.0008013205952011049, -0.0007317158160731196, -0.0006621110951527953, -0.0005925063160248101, -0.0005229013040661812, -0.00045329652493819594, -0.00038369177491404116, -0.0003140870248898864, -0.00024448224576190114, -0.0001748774666339159, -0.00010527271660976112, -3.5667966585606337e-05, 3.39368125423789e-05, 0.00010354157711844891, 0.00017314634169451892, 0.00024275110627058893, 0.00031235587084665895, 0.0003819606499746442, 0.00045156539999879897, 0.0005211701500229537, 0.000590774929150939, 0.0006603797082789242, 0.0007299844874069095, 0.0007995892083272338, 0.000869193987455219, 0.0009387987665832043, 0.0010084034875035286, 0.001078008208423853, 0.001147613045759499, 0.0012172177666798234, 0.0012868226040154696, 0.0013564273249357939, 0.0014260320458561182, 0.0014956368831917644, 0.0015652416041120887, 0.0016348464414477348, 0.0017044511623680592]}, "gradients/linear_functions.0.weight": {"_type": "histogram", "values": [1.0, 0.0, 1.0, 0.0, 1.0, 1.0, 1.0, 1.0, 0.0, 2.0, 1.0, 2.0, 1.0, 2.0, 3.0, 3.0, 5.0, 5.0, 1.0, 7.0, 5.0, 11.0, 17.0, 13.0, 29.0, 31.0, 49.0, 53.0, 58.0, 93.0, 134.0, 164.0, 277.0, 441.0, 912.0, 3973.0, 379.0, 157.0, 76.0, 47.0, 55.0, 39.0, 33.0, 30.0, 17.0, 19.0, 13.0, 8.0, 6.0, 6.0, 5.0, 1.0, 2.0, 1.0, 2.0, 2.0, 0.0, 0.0, 1.0, 0.0, 1.0, 0.0, 1.0, 1.0], "bins": [-0.028919586911797523, -0.02810780331492424, -0.027296019718050957, -0.026484236121177673, -0.02567245438694954, -0.024860670790076256, -0.024048887193202972, -0.02323710359632969, -0.022425319999456406, -0.021613536402583122, -0.02080175280570984, -0.019989971071481705, -0.01917818747460842, -0.018366403877735138, -0.017554620280861855, -0.01674283668398857, -0.015931054949760437, -0.015119271352887154, -0.014307488687336445, -0.013495705090463161, -0.012683922424912453, -0.01187213882803917, -0.011060355231165886, -0.010248571634292603, -0.00943678803741932, -0.008625004440546036, -0.007813221774995327, -0.007001438178122044, -0.0061896550469100475, -0.0053778719156980515, -0.004566088318824768, -0.003754305187612772, -0.0029425248503684998, -0.0021307417191565037, -0.001318958355113864, -0.0005071749910712242, 0.00030460814014077187, 0.001116391271352768, 0.0019281748682260513, 0.0027399579994380474, 0.003551740199327469, 0.004363523330539465, 0.005175306461751461, 0.005987090058624744, 0.0067988731898367405, 0.007610656321048737, 0.00842243991792202, 0.009234223514795303, 0.010046007111668587, 0.01085779070854187, 0.011669573374092579, 0.012481356970965862, 0.013293139636516571, 0.014104923233389854, 0.014916706830263138, 0.01572849042713642, 0.016540274024009705, 0.017352057620882988, 0.01816384121775627, 0.018975622951984406, 0.01978740654885769, 0.020599190145730972, 0.021410973742604256, 0.02222275733947754, 0.023034539073705673]}, "gradients/conv_functions.2.weight": {"_type": "histogram",