{"examples": {"_type": "images/separated", "width": 28, "height": 28, "format": "png", "count": 64}, "_runtime": 124, "_timestamp": 1641475382, "_step": 12521, "batch_loss": 0.010886197909712791, "gradients/final_linear.bias": {"_type": "histogram", "values": [1.0, 0.0, 0.0, 0.0, 0.0, 0.0, 0.0, 0.0, 0.0, 0.0, 0.0, 0.0, 0.0, 0.0, 0.0, 0.0, 0.0, 0.0, 0.0, 0.0, 0.0, 0.0, 0.0, 0.0, 0.0, 0.0, 0.0, 0.0, 0.0, 0.0, 0.0, 0.0, 1.0, 0.0, 0.0, 1.0, 2.0, 0.0, 1.0, 0.0, 1.0, 0.0, 0.0, 0.0, 0.0, 0.0, 0.0, 0.0, 1.0, 0.0, 0.0, 0.0, 0.0, 1.0, 0.0, 0.0, 0.0, 0.0, 0.0, 0.0, 0.0, 0.0, 0.0, 1.0], "bins": [-0.004874453414231539, -0.004748329985886812, -0.004622206557542086, -0.004496083129197359, -0.0043699597008526325, -0.004243836272507906, -0.004117712844163179, -0.003991589415818453, -0.0038654659874737263, -0.0037393425591289997, -0.003613219130784273, -0.0034870957024395466, -0.00336097227409482, -0.0032348488457500935, -0.003108725417405367, -0.0029826019890606403, -0.0028564785607159138, -0.002730355132371187, -0.0026042317040264606, -0.002478108275681734, -0.0023519848473370075, -0.002225861418992281, -0.0020997379906475544, -0.001973614562302828, -0.0018474911339581013, -0.0017213677056133747, -0.0015952442772686481, -0.0014691208489239216, -0.001342997420579195, -0.0012168739922344685, -0.001090750563889742, -0.0009646271355450153, -0.0008385039400309324, -0.0007123805116862059, -0.0005862570833414793, -0.00046013365499675274, -0.0003340102266520262, -0.00020788679830729961, -8.176336996257305e-05, 4.436005838215351e-05, 0.00017048348672688007, 0.00029660691507160664, 0.0004227303434163332, 0.0005488537717610598, 0.0006749772001057863, 0.0008011006284505129, 0.0009272240567952394, 0.001053347485139966, 0.0011794709134846926, 0.0013055943418294191, 0.0014317177701741457, 0.0015578411985188723, 0.0016839646268635988, 0.0018100880552083254, 0.001936211483553052, 0.0020623349118977785, 0.002188458340242505, 0.0023145817685872316, 0.002440705196931958, 0.0025668286252766848, 0.0026929520536214113, 0.002819075481966138, 0.0029451989103108644, 0.003071322338655591, 0.0031974457670003176]}, "gradients/final_linear.weight": {"_type": "histogram", "values": [1.0, 0.0, 0.0, 1.0, 1.0, 0.0, 0.0, 0.0, 0.0, 0.0, 2.0, 1.0, 0.0, 0.0, 0.0, 0.0, 0.0, 0.0, 1.0, 0.0, 0.0, 3.0, 3.0, 2.0, 0.0, 0.0, 5.0, 2.0, 3.0, 4.0, 14.0, 13.0, 30.0, 264.0, 83.0, 17.0, 10.0, 12.0, 6.0, 1.0, 3.0, 1.0, 4.0, 0.0, 2.0, 0.0, 2.0, 2.0, 0.0, 3.0, 1.0, 1.0, 0.0, 0.0, 0.0, 0.0, 0.0, 1.0, 0.0, 0.0, 0.0, 0.0, 0.0, 1.0], "bins": [-0.0412876196205616, -0.04006250202655792, -0.038837384432554245, -0.037612270563840866, -0.03638715296983719, -0.03516203537583351, -0.033936917781829834, -0.03271180018782616, -0.03148668259382248, -0.030261564999818802, -0.029036449268460274, -0.027811331674456596, -0.026586215943098068, -0.02536109834909439, -0.024135980755090714, -0.022910863161087036, -0.021685749292373657, -0.02046063169836998, -0.01923551596701145, -0.018010398373007774, -0.016785282641649246, -0.015560165047645569, -0.014335047453641891, -0.013109930790960789, -0.011884814128279686, -0.010659697465598583, -0.00943458080291748, -0.008209463208913803, -0.0069843465462327, -0.005759229883551598, -0.0045341127552092075, -0.0033089956268668175, -0.0020838752388954163, -0.0008587583433836699, 0.00036635855212807655, 0.001591475447639823, 0.0028165923431515694, 0.004041709005832672, 0.005266826134175062, 0.006491943262517452, 0.007717059925198555, 0.008942176587879658, 0.01016729325056076, 0.011392410844564438, 0.01261752750724554, 0.013842644169926643, 0.01506776176393032, 0.01629287749528885, 0.017517995089292526, 0.018743112683296204, 0.019968228414654732, 0.02119334600865841, 0.022418461740016937, 0.023643579334020615, 0.024868696928024292, 0.02609381452202797, 0.027318930253386497, 0.028544047847390175, 0.029769163578748703, 0.03099428117275238, 0.03221939876675606, 0.033444516360759735, 0.034669630229473114, 0.03589474782347679, 0.03711986541748047]}, "gradients/linear_functions.0.bias": {"_type": "histogram", "values": [1.0, 0.0, 1.0, 0.0, 0.0, 1.0, 0.0, 0.0, 0.0, 0.0, 0.0, 2.0, 0.0, 1.0, 0.0, 0.0, 1.0, 3.0, 4.0, 6.0, 2.0, 3.0, 6.0, 6.0, 3.0, 2.0, 1.0, 0.0, 1.0, 0.0, 0.0, 0.0, 0.0, 1.0, 1.0, 0.0, 0.0, 1.0, 1.0, 0.0, 0.0, 1.0, 0.0, 0.0, 0.0, 0.0, 0.0, 0.0, 0.0, 0.0, 0.0, 0.0, 0.0, 0.0, 0.0, 0.0, 0.0, 0.0, 0.0, 0.0, 0.0, 0.0, 0.0, 1.0], "bins": [-0.0017045262502506375, -0.0016326421173289418, -0.0015607579844072461, -0.0014888739679008722, -0.0014169898349791765, -0.0013451057020574808, -0.001273221569135785, -0.0012013374362140894, -0.0011294533032923937, -0.001057569170370698, -0.0009856850374490023, -0.0009138009627349675, -0.0008419168880209327, -0.000770032755099237, -0.0006981486221775413, -0.0006262645474635065, -0.0005543804727494717, -0.0004824963689316064, -0.00041061226511374116, -0.00033872813219204545, -0.0002668440283741802, -0.00019495992455631495, -0.00012307579163461924, -5.119171692058444e-05, 2.0692474208772182e-05, 9.257658530259505e-05, 0.00016446069639641792, 0.0002363448147661984, 0.00030822891858406365, 0.0003801130224019289, 0.0004519971553236246, 0.0005238812300376594, 0.000595765421167016, 0.0006676495540887117, 0.0007395336288027465, 0.0008114177617244422, 0.000883301836438477, 0.0009551859693601727, 0.0010270701022818685, 0.0010989541187882423, 0.001170838251709938, 0.0012427223846316338, 0.0013146065175533295, 0.0013864906504750252, 0.001458374666981399, 0.0015302587999030948, 0.0016021429328247905, 0.0016740269493311644, 0.001745911198668182, 0.0018177953315898776, 0.0018896794645115733, 0.001961563481017947, 0.002033447613939643, 0.0021053317468613386, 0.0021772158797830343, 0.00224910001270473, 0.0023209841456264257, 0.0023928682785481215, 0.002464752411469817, 0.002536636544391513, 0.0026085206773132086, 0.0026804045774042606, 0.0027522887103259563, 0.002824172843247652, 0.0028960569761693478]}, "gradients/linear_functions.0.weight": {"_type": "histogram", "values": [1.0, 2.0, 1.0, 1.0, 0.0, 2.0, 4.0, 0.0, 1.0, 5.0, 8.0, 6.0, 7.0, 8.0, 17.0, 13.0, 20.0, 29.0, 38.0, 78.0, 108.0, 200.0, 362.0, 678.0, 3022.0, 1801.0, 284.0, 140.0, 81.0, 67.0, 42.0, 28.0, 30.0, 20.0, 19.0, 11.0, 17.0, 6.0, 6.0, 6.0, 6.0, 7.0, 2.0, 4.0, 5.0, 0.0, 0.0, 1.0, 1.0, 0.0, 2.0, 0.0, 0.0, 1.0, 0.0, 0.0, 0.0, 0.0, 0.0, 1.0, 0.0, 0.0, 0.0, 1.0], "bins": [-0.014843499287962914, -0.014249918051064014, -0.013656336814165115, -0.013062755577266216, -0.012469174340367317, -0.011875593103468418, -0.011282011866569519, -0.010688429698348045, -0.010094849392771721, -0.009501268155872822, -0.008907686918973923, -0.008314105682075024, -0.007720524445176125, -0.0071269432082772255, -0.006533361505717039, -0.00593978026881814, -0.005346198566257954, -0.0047526173293590546, -0.0041590360924601555, -0.0035654546227306128, -0.0029718733858317137, -0.0023782921489328146, -0.0017847106792032719, -0.0011911294423043728, -0.0005975477397441864, -3.9664446376264095e-06, 0.0005896148504689336, 0.0011831962037831545, 0.0017767774406820536, 0.0023703586775809526, 0.0029639401473104954, 0.0035575213842093945, 0.004151102155447006, 0.004744683392345905, 0.005338264629244804, 0.0059318458661437035, 0.0065254271030426025, 0.007119008339941502, 0.007712590042501688, 0.008306171745061874, 0.008899752050638199, 0.009493333287537098, 0.010086914524435997, 0.010680495761334896, 0.011274076998233795, 0.011867658235132694, 0.012461239472031593, 0.013054821640253067, 0.013648402877151966, 0.014241984114050865, 0.014835565350949764, 0.015429146587848663, 0.016022728756070137, 0.01661630906164646, 0.017209891229867935, 0.01780347153544426, 0.018397053703665733, 0.018990635871887207, 0.01958421617746353, 0.020177798345685005, 0.02077137865126133, 0.021364960819482803, 0.021958541125059128, 0.0225521232932806, 0.023145703598856926]}, "gradients/conv_functions.2.weight": {"_type": "histogram",