{"examples": {"_type": "images/separated", "width": 28, "height": 28, "format": "png", "count": 64}, "_runtime": 147, "_timestamp": 1641474793, "_step": 12521, "batch_loss": 0.006090535316616297, "gradients/final_linear.bias": {"_type": "histogram", "values": [1.0, 0.0, 0.0, 0.0, 0.0, 0.0, 1.0, 0.0, 0.0, 0.0, 0.0, 0.0, 0.0, 0.0, 0.0, 0.0, 0.0, 0.0, 0.0, 0.0, 0.0, 0.0, 0.0, 0.0, 0.0, 0.0, 0.0, 0.0, 1.0, 0.0, 0.0, 1.0, 0.0, 1.0, 1.0, 0.0, 0.0, 0.0, 0.0, 1.0, 0.0, 0.0, 0.0, 0.0, 0.0, 1.0, 0.0, 0.0, 0.0, 0.0, 0.0, 0.0, 0.0, 0.0, 0.0, 0.0, 0.0, 1.0, 0.0, 0.0, 0.0, 0.0, 0.0, 1.0], "bins": [-0.0021571433171629906, -0.0020938008092343807, -0.0020304585341364145, -0.0019671160262078047, -0.0019037737511098385, -0.0018404312431812286, -0.0017770888516679406, -0.0017137464601546526, -0.0016504040686413646, -0.0015870616771280766, -0.0015237192856147885, -0.0014603768941015005, -0.0013970343861728907, -0.0013336921110749245, -0.0012703496031463146, -0.0012070072116330266, -0.0011436648201197386, -0.0010803224286064506, -0.0010169800370931625, -0.0009536375873722136, -0.0008902951958589256, -0.0008269528043456376, -0.0007636103546246886, -0.0007002679631114006, -0.0006369255715981126, -0.0005735831800848246, -0.0005102407885715365, -0.0004468983388505876, -0.0003835559473372996, -0.00032021355582401156, -0.0002568711352068931, -0.0001935287145897746, -0.00013018655590713024, -6.684414984192699e-05, -3.5017437767237425e-06, 5.984066228847951e-05, 0.00012318306835368276, 0.00018652545986697078, 0.00024986788048408926, 0.00031321030110120773, 0.00037655269261449575, 0.0004398950841277838, 0.0005032374756410718, 0.0005665799253620207, 0.0006299223168753088, 0.0006932647083885968, 0.0007566071581095457, 0.0008199495496228337, 0.0008832919411361217, 0.0009466343326494098, 0.0010099767241626978, 0.0010733191156759858, 0.0011366615071892738, 0.0012000040151178837, 0.0012633464066311717, 0.0013266887981444597, 0.0013900311896577477, 0.0014533735811710358, 0.0015167159726843238, 0.0015800583641976118, 0.0016434008721262217, 0.0017067431472241879, 0.0017700856551527977, 0.0018334280466660857, 0.0018967704381793737]}, "gradients/final_linear.weight": {"_type": "histogram", "values": [2.0, 0.0, 0.0, 0.0, 0.0, 2.0, 0.0, 0.0, 0.0, 1.0, 0.0, 0.0, 0.0, 0.0, 1.0, 2.0, 2.0, 1.0, 1.0, 0.0, 0.0, 2.0, 0.0, 1.0, 4.0, 1.0, 4.0, 5.0, 4.0, 1.0, 3.0, 8.0, 15.0, 24.0, 329.0, 26.0, 10.0, 12.0, 4.0, 2.0, 3.0, 6.0, 7.0, 1.0, 1.0, 1.0, 1.0, 0.0, 1.0, 1.0, 1.0, 2.0, 0.0, 1.0, 2.0, 0.0, 0.0, 1.0, 0.0, 0.0, 1.0, 0.0, 1.0, 2.0], "bins": [-0.02676539495587349, -0.025988522917032242, -0.025211652740836143, -0.024434780701994896, -0.023657910525798798, -0.02288103848695755, -0.022104166448116302, -0.021327294409275055, -0.020550424233078957, -0.01977355219423771, -0.01899668201804161, -0.018219809979200363, -0.017442937940359116, -0.016666067764163017, -0.01588919572532177, -0.015112324617803097, -0.014335453510284424, -0.013558582402765751, -0.012781711295247078, -0.01200483925640583, -0.011227968148887157, -0.010451097041368484, -0.009674225002527237, -0.008897353895008564, -0.008120482787489891, -0.007343611679971218, -0.006566740106791258, -0.005789868533611298, -0.005012997426092625, -0.004236126318573952, -0.0034592547453939915, -0.0026823831722140312, -0.0019055120646953583, -0.0011286407243460417, -0.0003517693839967251, 0.0004251019563525915, 0.0012019732967019081, 0.0019788446370512247, 0.0027557159774005413, 0.0035325875505805016, 0.0043094586580991745, 0.0050863297656178474, 0.005863201338797808, 0.006640072911977768, 0.007416944019496441, 0.008193815127015114, 0.008970687165856361, 0.009747558273375034, 0.010524429380893707, 0.01130130048841238, 0.012078171595931053, 0.0128550436347723, 0.013631914742290974, 0.014408785849809647, 0.015185657888650894, 0.01596252992749214, 0.01673940010368824, 0.017516272142529488, 0.018293142318725586, 0.019070014357566833, 0.01984688639640808, 0.02062375657260418, 0.021400628611445427, 0.022177498787641525, 0.022954370826482773]}, "gradients/linear_functions.0.bias": {"_type": "histogram", "values": [1.0, 0.0, 1.0, 0.0, 0.0, 0.0, 1.0, 0.0, 0.0, 0.0, 1.0, 0.0, 0.0, 1.0, 0.0, 0.0, 0.0, 0.0, 1.0, 0.0, 0.0, 2.0, 0.0, 2.0, 2.0, 2.0, 1.0, 1.0, 1.0, 4.0, 10.0, 8.0, 2.0, 2.0, 0.0, 2.0, 1.0, 0.0, 0.0, 0.0, 0.0, 0.0, 0.0, 0.0, 0.0, 1.0, 0.0, 0.0, 1.0, 1.0, 0.0, 0.0, 0.0, 0.0, 0.0, 0.0, 0.0, 0.0, 0.0, 0.0, 0.0, 0.0, 0.0, 1.0], "bins": [-0.0015810247277840972, -0.001530179870314896, -0.001479335012845695, -0.001428490155376494, -0.0013776452979072928, -0.0013268004404380918, -0.0012759556993842125, -0.0012251108419150114, -0.0011742659844458103, -0.0011234211269766092, -0.0010725762695074081, -0.001021731412038207, -0.000970886554569006, -0.0009200416970998049, -0.0008691968978382647, -0.0008183520403690636, -0.0007675071246922016, -0.0007166622672230005, -0.0006658174097537994, -0.0006149725522845984, -0.0005641276948153973, -0.0005132828373461962, -0.000462438038084656, -0.0004115931806154549, -0.00036074838135391474, -0.00030990352388471365, -0.00025905866641551256, -0.00020821383805014193, -0.00015736898058094084, -0.00010652412311173975, -5.5679294746369123e-05, -4.8344372771680355e-06, 4.601059481501579e-05, 9.685544500825927e-05, 0.00014770029520150274, 0.0001985451381187886, 0.0002493899955879897, 0.0003002348530571908, 0.0003510796814225614, 0.0004019245388917625, 0.0004527694545686245, 0.0005036143120378256, 0.0005544591695070267, 0.0006053040269762278, 0.0006561488844454288, 0.0007069937419146299, 0.0007578385411761701, 0.0008086833986453712, 0.0008595281979069114, 0.0009103730553761125, 0.0009612179128453135, 0.0010120627703145146, 0.0010629076277837157, 0.0011137524852529168, 0.001164597226306796, 0.0012154420837759972, 0.0012662869412451982, 0.0013171317987143993, 0.0013679766561836004, 0.0014188215136528015, 0.0014696663711220026, 0.0015205112285912037, 0.0015713560860604048, 0.0016222009435296059, 0.001673045800998807]}, "gradients/linear_functions.0.weight": {"_type": "histogram", "values": [2.0, 0.0, 0.0, 0.0, 1.0, 0.0, 2.0, 1.0, 4.0, 3.0, 5.0, 6.0, 0.0, 7.0, 11.0, 3.0, 9.0, 7.0, 10.0, 17.0, 13.0, 17.0, 16.0, 23.0, 31.0, 45.0, 61.0, 80.0, 131.0, 248.0, 397.0, 1794.0, 3663.0, 224.0, 120.0, 47.0, 37.0, 24.0, 19.0, 18.0, 11.0, 14.0, 15.0, 10.0, 15.0, 5.0, 5.0, 3.0, 5.0, 4.0, 2.0, 1.0, 0.0, 3.0, 3.0, 5.0, 1.0, 1.0, 0.0, 0.0, 0.0, 0.0, 0.0, 1.0], "bins": [-0.017013611271977425, -0.01648370362818241, -0.015953797847032547, -0.015423890203237534, -0.01489398255944252, -0.014364075846970081, -0.013834169134497643, -0.013304261490702629, -0.01277435477823019, -0.012244448065757751, -0.011714540421962738, -0.0111846337094903, -0.01065472699701786, -0.010124819353222847, -0.009594912640750408, -0.00906500592827797, -0.008535098284482956, -0.008005191572010517, -0.007475283928215504, -0.006945377215743065, -0.006415470037609339, -0.005885562859475613, -0.005355656147003174, -0.004825748968869448, -0.004295841790735722, -0.0037659346126019955, -0.003236027667298913, -0.0027061207219958305, -0.0021762135438621044, -0.0016463063657283783, -0.0011163994204252958, -0.0005864924751222134, -5.6587159633636475e-05, 0.0004733199020847678, 0.0010032269638031721, 0.0015331340255215764, 0.0020630410872399807, 0.002592948265373707, 0.0031228552106767893, 0.0036527621559798717, 0.004182669334113598, 0.004712576512247324, 0.00524248369038105, 0.005772390402853489, 0.006302297580987215, 0.006832204759120941, 0.00736211147159338, 0.007892018184065819, 0.008421925827860832, 0.008951832540333271, 0.009481740184128284, 0.010011646896600723, 0.010541554540395737, 0.011071461252868176, 0.011601367965340614, 0.012131275609135628, 0.012661182321608067, 0.013191089034080505, 0.013720996677875519, 0.014250903390347958, 0.014780810102820396, 0.01531071774661541, 0.015840625390410423, 0.016370531171560287, 0.0169004388153553]}, "gradients/conv_functions.2.weight": {"_type": "histogram",