{"batch_loss": 0.21623621881008148, "_runtime": 98, "_timestamp": 1641483457, "_step": 10021, "gradients/final_linear.bias": {"_type": "histogram", "values": [1.0, 0.0, 0.0, 0.0, 1.0, 0.0, 0.0, 0.0, 0.0, 0.0, 0.0, 0.0, 0.0, 0.0, 0.0, 0.0, 0.0, 0.0, 0.0, 0.0, 0.0, 1.0, 0.0, 0.0, 0.0, 0.0, 0.0, 0.0, 0.0, 1.0, 1.0, 2.0, 0.0, 0.0, 0.0, 0.0, 0.0, 1.0, 0.0, 0.0, 0.0, 0.0, 0.0, 0.0, 0.0, 0.0, 0.0, 0.0, 0.0, 0.0, 0.0, 0.0, 0.0, 0.0, 0.0, 0.0, 0.0, 0.0, 0.0, 0.0, 0.0, 0.0, 1.0, 1.0], "bins": [-0.02198883332312107, -0.021282270550727844, -0.020575707778334618, -0.01986914500594139, -0.019162584096193314, -0.018456021323800087, -0.01774945855140686, -0.017042895779013634, -0.016336333006620407, -0.01562977023422718, -0.014923208393156528, -0.014216645620763302, -0.01351008377969265, -0.012803521007299423, -0.012096958234906197, -0.01139039546251297, -0.010683834552764893, -0.009977271780371666, -0.009270709939301014, -0.008564147166907787, -0.007857585325837135, -0.007151022553443909, -0.006444459781050682, -0.005737897474318743, -0.005031334236264229, -0.0043247719295322895, -0.0036182093899697065, -0.0029116468504071236, -0.0022050845436751842, -0.001498522236943245, -0.0007919594645500183, -8.5397157818079e-05, 0.0006211660802364349, 0.001327728503383696, 0.0020342909265309572, 0.00274085346609354, 0.0034474157728254795, 0.004153978079557419, 0.0048605408519506454, 0.005567103158682585, 0.0062736645340919495, 0.006980226840823889, 0.007686789147555828, 0.008393351919949055, 0.009099913761019707, 0.009806476533412933, 0.01051303930580616, 0.011219602078199387, 0.011926164850592613, 0.01263272762298584, 0.013339289464056492, 0.014045852236449718, 0.01475241407752037, 0.015458976849913597, 0.016165539622306824, 0.01687210239470005, 0.017578665167093277, 0.018285227939486504, 0.01899179071187973, 0.019698351621627808, 0.020404914394021034, 0.02111147716641426, 0.021818039938807487, 0.022524602711200714, 0.02323116362094879]}, "gradients/final_linear.weight": {"_type": "histogram", "values": [2.0, 1.0, 0.0, 0.0, 0.0, 0.0, 0.0, 2.0, 3.0, 0.0, 1.0, 0.0, 1.0, 2.0, 1.0, 2.0, 1.0, 2.0, 1.0, 3.0, 3.0, 2.0, 1.0, 10.0, 5.0, 7.0, 6.0, 6.0, 18.0, 9.0, 12.0, 19.0, 181.0, 72.0, 45.0, 14.0, 14.0, 7.0, 5.0, 4.0, 1.0, 7.0, 4.0, 4.0, 0.0, 0.0, 2.0, 2.0, 3.0, 2.0, 1.0, 2.0, 0.0, 0.0, 0.0, 1.0, 2.0, 2.0, 0.0, 0.0, 1.0, 1.0, 2.0, 1.0], "bins": [-0.15028955042362213, -0.14569136500358582, -0.1410931646823883, -0.136494979262352, -0.13189677894115448, -0.12729859352111816, -0.12270040065050125, -0.11810220777988434, -0.11350402235984802, -0.10890582948923111, -0.1043076366186142, -0.09970945119857788, -0.09511125832796097, -0.09051306545734406, -0.08591487258672714, -0.08131667971611023, -0.07671848684549332, -0.0721202939748764, -0.06752210110425949, -0.06292390823364258, -0.05832572281360626, -0.05372752994298935, -0.049129337072372437, -0.04453114792704582, -0.03993295133113861, -0.0353347584605217, -0.030736569315195084, -0.02613837644457817, -0.021540185436606407, -0.016941994428634644, -0.01234380155801773, -0.007745612412691116, -0.003147423267364502, 0.001450768206268549, 0.0060489596799016, 0.010647151619195938, 0.015245342627167702, 0.019843533635139465, 0.024441726505756378, 0.029039915651082993, 0.03363810479640961, 0.03823629766702652, 0.042834486812353134, 0.04743267968297005, 0.05203086882829666, 0.056629061698913574, 0.06122725456953049, 0.0658254474401474, 0.07042364031076431, 0.07502183318138123, 0.07962002605199814, 0.08421821892261505, 0.08881640434265137, 0.09341459721326828, 0.09801279008388519, 0.10261097550392151, 0.10720917582511902, 0.11180736869573593, 0.11640556156635284, 0.12100374698638916, 0.12560194730758667, 0.13020013272762299, 0.1347983181476593, 0.1393965184688568, 0.14399470388889313]}, "gradients/linear_functions.0.bias": {"_type": "histogram", "values": [1.0, 1.0, 0.0, 0.0, 0.0, 0.0, 0.0, 0.0, 0.0, 0.0, 1.0, 2.0, 0.0, 2.0, 2.0, 0.0, 0.0, 1.0, 0.0, 1.0, 0.0, 1.0, 0.0, 1.0, 1.0, 2.0, 0.0, 0.0, 2.0, 16.0, 0.0, 0.0, 2.0, 2.0, 2.0, 0.0, 0.0, 0.0, 1.0, 1.0, 1.0, 1.0, 0.0, 0.0, 1.0, 1.0, 0.0, 1.0, 0.0, 0.0, 0.0, 0.0, 0.0, 0.0, 1.0, 0.0, 0.0, 0.0, 0.0, 0.0, 0.0, 0.0, 1.0, 1.0], "bins": [-0.009818946942687035, -0.00948701798915863, -0.009155089035630226, -0.008823160082101822, -0.008491231128573418, -0.008159301243722439, -0.007827372290194035, -0.00749544333666563, -0.007163514383137226, -0.006831585429608822, -0.006499656476080418, -0.006167727056890726, -0.005835798103362322, -0.005503869149833918, -0.005171939730644226, -0.004840010777115822, -0.004508081823587418, -0.004176152870059013, -0.0038442236836999655, -0.0035122944973409176, -0.0031803655438125134, -0.002848436590284109, -0.0025165074039250612, -0.0021845782175660133, -0.001852649264037609, -0.001520720194093883, -0.001188791124150157, -0.0008568620542064309, -0.0005249329842627048, -0.0001930039143189788, 0.00013892515562474728, 0.00047085434198379517, 0.000802784226834774, 0.0011347132967785, 0.0014666423667222261, 0.0017985714366659522, 0.0021305005066096783, 0.0024624294601380825, 0.0027943586464971304, 0.0031262878328561783, 0.0034582167863845825, 0.0037901457399129868, 0.004122074693441391, 0.0044540041126310825, 0.004785933066159487, 0.005117862019687891, 0.0054497914388775826, 0.005781720392405987, 0.006113649345934391, 0.006445578299462795, 0.0067775072529911995, 0.007109436672180891, 0.007441365625709295, 0.0077732945792376995, 0.008105223998427391, 0.008437152951955795, 0.0087690819054842, 0.009101010859012604, 0.009432939812541008, 0.009764868766069412, 0.010096797719597816, 0.010428727604448795, 0.0107606565579772, 0.011092585511505604, 0.011424514465034008]}, "gradients/linear_functions.0.weight": {"_type": "histogram", "values": [1.0, 0.0, 2.0, 1.0, 3.0, 1.0, 5.0, 4.0, 2.0, 6.0, 2.0, 9.0, 7.0, 16.0, 16.0, 21.0, 16.0, 29.0, 27.0, 35.0, 45.0, 47.0, 63.0, 78.0, 86.0, 98.0, 105.0, 139.0, 199.0, 251.0, 377.0, 633.0, 3285.0, 297.0, 199.0, 195.0, 154.0, 136.0, 108.0, 95.0, 76.0, 47.0, 60.0, 40.0, 35.0, 14.0, 30.0, 12.0, 14.0, 17.0, 7.0, 13.0, 8.0, 3.0, 3.0, 2.0, 4.0, 2.0, 8.0, 4.0, 2.0, 2.0, 1.0, 3.0], "bins": [-0.10940298438072205, -0.10599357634782791, -0.10258416831493378, -0.09917475283145905, -0.09576534479856491, -0.09235593676567078, -0.08894652873277664, -0.08553712069988251, -0.08212771266698837, -0.07871830463409424, -0.0753088966012001, -0.07189948856830597, -0.06849007308483124, -0.0650806650519371, -0.06167125701904297, -0.058261848986148834, -0.0548524372279644, -0.05144302919507027, -0.048033617436885834, -0.0446242094039917, -0.041214801371097565, -0.03780539333820343, -0.034395981580019, -0.030986573547124863, -0.02757716178894043, -0.024167751893401146, -0.02075834386050701, -0.017348933964967728, -0.013939525000751019, -0.01053011603653431, -0.007120706140995026, -0.003711298108100891, -0.0003018900752067566, 0.003107519121840596, 0.006516928318887949, 0.009926337748765945, 0.013335746712982655, 0.016745155677199364, 0.020154565572738647, 0.023563973605632782, 0.026973381638526917, 0.0303827915340662, 0.033792201429605484, 0.03720160946249962, 0.04061101749539375, 0.044020429253578186, 0.04742983728647232, 0.050839245319366455, 0.05424865707755089, 0.05765806511044502, 0.061067476868629456, 0.06447688490152359, 0.06788629293441772, 0.07129570096731186, 0.074705109000206, 0.07811452448368073, 0.08152393251657486, 0.084933340549469, 0.08834274858236313, 0.09175215661525726, 0.095161572098732, 0.09857098013162613, 0.10198038816452026, 0.1053897961974144, 0.10879920423030853]}, "gradients/conv_functions.2.weight": {"_type": "histogram", "values": [3.0, 0.0, 0.0, 2.0, 1.0, 0.0, 3.0, 2.0, 2.0, 2.0, 4.0, 5.0, 7.0, 6.0, 10.0, 7.0, 9.0, 10.0, 18.0, 15.0, 18.0, 11.0, 12.0, 24.0, 15.0, 30.0, 35.0, 37.0, 28.0, 38.0, 38.0, 53.0, 125.0, 66.0, 54.0, 75.0, 53.0, 54.0, 47.0, 46.0, 30.0, 29.0, 29.0, 24.0, 20.0, 12.0, 10.0, 7.0, 7.0, 7.0, 3.0, 3.0, 1.0, 1.0, 0.0, 1.0, 0.0, 0.0, 1.0, 0.0, 0.0, 0.0, 1.0, 1.0],