{"batch_loss": 2.3052902221679688, "_runtime": 105, "_timestamp": 1641484811, "_step": 3268, "gradients/final_linear.bias": {"_type": "histogram", "values": [2.0, 0.0, 1.0, 0.0, 0.0, 0.0, 0.0, 0.0, 0.0, 0.0, 0.0, 0.0, 0.0, 0.0, 0.0, 0.0, 0.0, 0.0, 0.0, 0.0, 0.0, 0.0, 0.0, 0.0, 0.0, 0.0, 0.0, 0.0, 0.0, 0.0, 1.0, 0.0, 0.0, 1.0, 0.0, 0.0, 0.0, 0.0, 0.0, 0.0, 0.0, 0.0, 0.0, 0.0, 0.0, 1.0, 0.0, 2.0, 1.0, 0.0, 0.0, 0.0, 0.0, 0.0, 0.0, 0.0, 0.0, 0.0, 0.0, 0.0, 0.0, 0.0, 0.0, 1.0], "bins": [-0.0415162555873394, -0.040226247161626816, -0.03893624246120453, -0.03764623403549194, -0.03635622560977936, -0.03506621718406677, -0.03377620875835419, -0.0324862040579319, -0.031196195632219315, -0.02990618720650673, -0.028616180643439293, -0.027326174080371857, -0.02603616565465927, -0.024746157228946686, -0.02345615066587925, -0.022166144102811813, -0.020876135677099228, -0.019586127251386642, -0.018296120688319206, -0.01700611412525177, -0.015716105699539185, -0.014426098205149174, -0.013136090710759163, -0.011846083216369152, -0.010556075721979141, -0.00926606822758913, -0.00797606073319912, -0.006686053238809109, -0.005396045744419098, -0.004106038250029087, -0.0028160307556390762, -0.0015260232612490654, -0.00023601949214935303, 0.0010539880022406578, 0.0023439954966306686, 0.0036340029910206795, 0.00492401048541069, 0.006214017979800701, 0.007504025474190712, 0.008794032968580723, 0.010084040462970734, 0.011374047957360744, 0.012664055451750755, 0.013954062946140766, 0.015244070440530777, 0.016534078866243362, 0.0178240854293108, 0.019114091992378235, 0.02040410041809082, 0.021694108843803406, 0.022984115406870842, 0.024274121969938278, 0.025564130395650864, 0.02685413882136345, 0.028144145384430885, 0.02943415194749832, 0.030724160373210907, 0.03201416879892349, 0.03330417722463608, 0.034594181925058365, 0.03588419035077095, 0.037174198776483536, 0.03846420347690582, 0.03975421190261841, 0.041044220328330994]}, "gradients/final_linear.weight": {"_type": "histogram", "values": [1.0, 0.0, 0.0, 0.0, 0.0, 0.0, 0.0, 0.0, 0.0, 1.0, 1.0, 0.0, 0.0, 0.0, 0.0, 0.0, 0.0, 0.0, 0.0, 0.0, 0.0, 0.0, 0.0, 0.0, 0.0, 1.0, 0.0, 0.0, 2.0, 1.0, 0.0, 1.0, 1.0, 0.0, 481.0, 0.0, 3.0, 0.0, 0.0, 1.0, 2.0, 0.0, 0.0, 1.0, 0.0, 0.0, 0.0, 0.0, 0.0, 0.0, 0.0, 0.0, 0.0, 1.0, 0.0, 0.0, 0.0, 0.0, 1.0, 0.0, 0.0, 0.0, 0.0, 1.0], "bins": [-1.7095255316235125e-05, -1.6593116015428677e-05, -1.609097671462223e-05, -1.558883741381578e-05, -1.5086697203514632e-05, -1.4584557902708184e-05, -1.4082417692407034e-05, -1.3580278391600586e-05, -1.3078139090794139e-05, -1.257599978998769e-05, -1.2073860489181243e-05, -1.1571720278880093e-05, -1.1069580978073645e-05, -1.0567441677267198e-05, -1.0065301466966048e-05, -9.5631621661596e-06, -9.061022865353152e-06, -8.558883564546704e-06, -8.056744263740256e-06, -7.554604053439107e-06, -7.052464752632659e-06, -6.550325451826211e-06, -6.048185696272412e-06, -5.5460459407186136e-06, -5.043906639912166e-06, -4.541767339105718e-06, -4.039627583551919e-06, -3.5374880553717958e-06, -3.0353485271916725e-06, -2.533208999011549e-06, -2.031069470831426e-06, -1.5289299426513026e-06, -1.026791323965881e-06, -5.246517957857577e-07, -2.2512267605634406e-08, 4.796272605744889e-07, 9.817667887546122e-07, 1.4839063169347355e-06, 1.986045845114859e-06, 2.488185373294982e-06, 2.9903249014751054e-06, 3.4924644296552287e-06, 3.994603957835352e-06, 4.496743713389151e-06, 4.998883014195599e-06, 5.5010223150020465e-06, 6.003162070555845e-06, 6.505301826109644e-06, 7.007441126916092e-06, 7.50958042772254e-06, 8.01172063802369e-06, 8.513859938830137e-06, 9.015999239636585e-06, 9.518138540443033e-06, 1.002027784124948e-05, 1.052241805155063e-05, 1.1024557352357078e-05, 1.1526696653163526e-05, 1.2028836863464676e-05, 1.2530976164271124e-05, 1.3033115465077572e-05, 1.353525476588402e-05, 1.4037394066690467e-05, 1.4539534276991617e-05, 1.5041673577798065e-05]}, "gradients/linear_functions.0.bias": {"_type": "histogram", "values": [48.0, 0.0, 0.0, 0.0, 0.0, 0.0, 0.0, 0.0, 0.0, 0.0, 0.0, 0.0, 0.0, 0.0, 0.0, 0.0, 0.0, 0.0, 0.0, 0.0, 0.0, 0.0, 0.0, 0.0, 0.0, 0.0, 0.0, 1.0, 0.0, 0.0, 0.0, 0.0, 0.0, 0.0, 0.0, 0.0, 0.0, 0.0, 0.0, 0.0, 0.0, 0.0, 0.0, 0.0, 0.0, 0.0, 0.0, 0.0, 0.0, 0.0, 0.0, 0.0, 0.0, 0.0, 0.0, 0.0, 0.0, 0.0, 0.0, 0.0, 0.0, 0.0, 0.0, 1.0], "bins": [-2.7175900677241553e-17, 9.059247929599223e-08, 1.8118495859198447e-07, 2.71777423677122e-07, 3.6236991718396894e-07, 4.529624106908159e-07, 5.43554847354244e-07, 6.341473408610909e-07, 7.247398343679379e-07, 8.153323278747848e-07, 9.059248213816318e-07, 9.96517201201641e-07, 1.087109694708488e-06, 1.177702188215335e-06, 1.2682946817221818e-06, 1.3588871752290288e-06, 1.4494796687358757e-06, 1.5400721622427227e-06, 1.6306646557495696e-06, 1.7212571492564166e-06, 1.8118496427632635e-06, 1.9024421362701105e-06, 1.993034402403282e-06, 2.083626895910129e-06, 2.174219389416976e-06, 2.264811882923823e-06, 2.35540437643067e-06, 2.4459968699375167e-06, 2.5365893634443637e-06, 2.6271818569512106e-06, 2.7177743504580576e-06, 2.8083668439649045e-06, 2.8989593374717515e-06, 2.9895518309785984e-06, 3.0801443244854454e-06, 3.1707368179922923e-06, 3.2613293114991393e-06, 3.3519218050059862e-06, 3.442514298512833e-06, 3.53310679201968e-06, 3.623699285526527e-06, 3.714291779033374e-06, 3.804884272540221e-06, 3.895476766047068e-06, 3.986069259553915e-06, 4.076661753060762e-06, 4.167254246567609e-06, 4.257846740074456e-06, 4.348438778833952e-06, 4.439031272340799e-06, 4.529623765847646e-06, 4.620216259354493e-06, 4.71080875286134e-06, 4.8014012463681865e-06, 4.8919937398750335e-06, 4.9825862333818804e-06, 5.073178726888727e-06, 5.163771220395574e-06, 5.254363713902421e-06, 5.344956207409268e-06, 5.435548700916115e-06, 5.526141194422962e-06, 5.616733687929809e-06, 5.707326181436656e-06, 5.797918674943503e-06]}, "gradients/linear_functions.0.weight": {"_type": "histogram", "values": [7182.0, 0.0, 0.0, 0.0, 0.0, 0.0, 0.0, 0.0, 0.0, 0.0, 0.0, 0.0, 0.0, 0.0, 0.0, 0.0, 0.0, 0.0, 0.0, 0.0, 0.0, 0.0, 0.0, 0.0, 0.0, 0.0, 0.0, 9.0, 0.0, 0.0, 0.0, 0.0, 0.0, 0.0, 0.0, 0.0, 0.0, 0.0, 0.0, 0.0, 0.0, 0.0, 0.0, 0.0, 0.0, 0.0, 0.0, 0.0, 0.0, 0.0, 0.0, 0.0, 0.0, 0.0, 0.0, 0.0, 0.0, 0.0, 0.0, 0.0, 0.0, 0.0, 0.0, 9.0], "bins": [-3.1768359509118306e-24, 3.1284609763778704e-18, 6.256924847887885e-18, 9.385388926193052e-18, 1.251385300449822e-17, 1.5642316255622775e-17, 1.8770781161108555e-17, 2.1899246066594335e-17, 2.502770931771889e-17, 2.8156172568843444e-17, 3.128463912869045e-17, 3.4413102379815004e-17, 3.754156563093956e-17, 4.0670028882064114e-17, 4.379849213318867e-17, 4.6926958693035674e-17, 5.005542194416023e-17, 5.3183885195284784e-17, 5.631235175513179e-17, 5.944081500625634e-17, 6.25692782573809e-17, 6.569774150850545e-17, 6.882620475963001e-17, 7.195466801075456e-17, 7.508313787932402e-17, 7.821160113044857e-17, 8.134006438157313e-17, 8.446852763269768e-17, 8.759699750126714e-17, 9.07254607523917e-17, 9.385392400351625e-17, 9.69823872546408e-17, 1.0011085050576536e-16, 1.0323931375688991e-16, 1.0636777700801447e-16, 1.0949624025913902e-16, 1.1262470351026358e-16, 1.1575316676138813e-16, 1.188816300125127e-16, 1.2201009326363724e-16, 1.251385565147618e-16, 1.2826701976588635e-16, 1.313954830170109e-16, 1.3452394626813546e-16, 1.3765240951926002e-16, 1.4078087277038457e-16, 1.4390933602150913e-16, 1.4703779927263368e-16, 1.5016627575864804e-16, 1.532947390097726e-16, 1.5642320226089715e-16, 1.595516655120217e-16, 1.6268012876314626e-16, 1.6580859201427081e-16, 1.6893705526539537e-16, 1.7206553175140972e-16, 1.7519399500253428e-16, 1.7832245825365883e-16, 1.814509215047834e-16, 1.8457938475590794e-16, 1.877078480070325e-16, 1.9083631125815705e-16, 1.939647745092816e-16, 1.9709323776040616e-16, 2.0022170101153072e-16]}, "gradients/conv_functions.2.weight": {"_type": "histogram",