{"gradients/final_linear.bias": {"_type": "histogram", "values": [1.0, 0.0, 0.0, 0.0, 0.0, 0.0, 0.0, 0.0, 0.0, 0.0, 0.0, 0.0, 0.0, 0.0, 0.0, 0.0, 0.0, 0.0, 0.0, 0.0, 0.0, 0.0, 0.0, 0.0, 1.0, 0.0, 1.0, 0.0, 1.0, 0.0, 0.0, 0.0, 0.0, 0.0, 1.0, 2.0, 0.0, 0.0, 0.0, 1.0, 0.0, 0.0, 0.0, 0.0, 0.0, 0.0, 0.0, 0.0, 0.0, 0.0, 1.0, 0.0, 0.0, 0.0, 0.0, 0.0, 0.0, 0.0, 0.0, 0.0, 0.0, 0.0, 0.0, 1.0], "bins": [-0.02739199995994568, -0.02658711187541485, -0.02578222192823887, -0.02497733384370804, -0.024172445759177208, -0.023367557674646378, -0.022562667727470398, -0.021757779642939568, -0.020952891558408737, -0.020148003473877907, -0.019343113526701927, -0.018538225442171097, -0.017733337357640266, -0.016928449273109436, -0.016123559325933456, -0.015318671241402626, -0.014513781294226646, -0.013708892278373241, -0.012904004193842411, -0.012099115177989006, -0.011294227093458176, -0.01048933807760477, -0.009684449061751366, -0.008879560977220535, -0.008074671030044556, -0.007269782479852438, -0.00646489392966032, -0.005660004913806915, -0.004855116363614798, -0.00405022781342268, -0.003245338797569275, -0.002440450247377157, -0.0016355644911527634, -0.0008306758245453238, -2.578715793788433e-05, 0.000779101625084877, 0.0015839901752769947, 0.0023888787254691124, 0.0031937677413225174, 0.003998656291514635, 0.004803543910384178, 0.005608432460576296, 0.0064133210107684135, 0.0072182100266218185, 0.008023098111152649, 0.008827987127006054, 0.009632876142859459, 0.01043776422739029, 0.011242654174566269, 0.012047543190419674, 0.012852431274950504, 0.01365732029080391, 0.01446220837533474, 0.015267097391188145, 0.01607198640704155, 0.01687687449157238, 0.01768176257610321, 0.01848665066063404, 0.01929154060781002, 0.02009642869234085, 0.02090131677687168, 0.02170620486140251, 0.02251109480857849, 0.02331598289310932, 0.0241208728402853]}, "gradients/final_linear.weight": {"_type": "histogram", "values": [1.0, 0.0, 0.0, 0.0, 0.0, 0.0, 0.0, 0.0, 0.0, 1.0, 0.0, 0.0, 0.0, 0.0, 0.0, 0.0, 0.0, 0.0, 1.0, 0.0, 2.0, 1.0, 0.0, 1.0, 0.0, 2.0, 3.0, 0.0, 0.0, 7.0, 4.0, 3.0, 6.0, 6.0, 5.0, 10.0, 9.0, 30.0, 318.0, 37.0, 10.0, 6.0, 10.0, 4.0, 3.0, 2.0, 3.0, 1.0, 0.0, 2.0, 0.0, 0.0, 1.0, 1.0, 1.0, 2.0, 2.0, 1.0, 1.0, 0.0, 0.0, 0.0, 2.0, 1.0], "bins": [-0.25207599997520447, -0.24550023674964905, -0.23892448842525482, -0.2323487251996994, -0.22577296197414398, -0.21919721364974976, -0.21262145042419434, -0.20604568719863892, -0.1994699239730835, -0.19289416074752808, -0.18631841242313385, -0.17974264919757843, -0.173166885972023, -0.16659113764762878, -0.16001537442207336, -0.15343961119651794, -0.14686386287212372, -0.1402880996465683, -0.13371235132217407, -0.12713658809661865, -0.12056082487106323, -0.11398506909608841, -0.10740931332111359, -0.10083355009555817, -0.09425780177116394, -0.08768204599618912, -0.0811062827706337, -0.07453052699565887, -0.06795476377010345, -0.06137900799512863, -0.05480325222015381, -0.04822749271988869, -0.04165174067020416, -0.03507598116993904, -0.02850022353231907, -0.021924465894699097, -0.015348706394433975, -0.008772946894168854, -0.0021971911191940308, 0.004378568381071091, 0.010954335331916809, 0.01753009483218193, 0.024105852469801903, 0.030681610107421875, 0.037257369607686996, 0.04383312910795212, 0.05040888488292694, 0.05698464438319206, 0.06356039643287659, 0.07013615220785141, 0.07671191543340683, 0.08328767120838165, 0.08986343443393707, 0.0964391902089119, 0.10301494598388672, 0.10959070920944214, 0.11616646498441696, 0.12274222075939178, 0.1293179839849472, 0.13589373230934143, 0.14246949553489685, 0.14904525876045227, 0.1556210219860077, 0.16219677031040192, 0.16877253353595734]}, "gradients/linear_functions.0.bias": {"_type": "histogram", "values": [1.0, 0.0, 0.0, 0.0, 0.0, 0.0, 0.0, 0.0, 0.0, 1.0, 0.0, 0.0, 2.0, 0.0, 0.0, 0.0, 0.0, 1.0, 1.0, 1.0, 2.0, 3.0, 2.0, 3.0, 9.0, 8.0, 5.0, 2.0, 2.0, 0.0, 2.0, 1.0, 0.0, 0.0, 0.0, 0.0, 0.0, 0.0, 0.0, 0.0, 0.0, 0.0, 0.0, 0.0, 0.0, 1.0, 0.0, 2.0, 0.0, 0.0, 0.0, 0.0, 0.0, 0.0, 0.0, 0.0, 0.0, 0.0, 0.0, 0.0, 0.0, 0.0, 0.0, 1.0], "bins": [-0.012071595527231693, -0.011593720875680447, -0.011115845292806625, -0.010637970641255379, -0.010160095989704132, -0.009682221338152885, -0.009204346686601639, -0.008726471103727818, -0.008248596452176571, -0.007770721800625324, -0.00729284668341279, -0.006814971566200256, -0.00633709691464901, -0.005859222263097763, -0.005381347145885229, -0.004903472028672695, -0.0044255973771214485, -0.003947722725570202, -0.003469847608357668, -0.0029919727239757776, -0.0025140978395938873, -0.002036222955211997, -0.0015583480708301067, -0.0010804731864482164, -0.0006025983020663261, -0.00012472341768443584, 0.00035315146669745445, 0.0008310263510793447, 0.001308901235461235, 0.0017867761198431253, 0.0022646510042250156, 0.002742525888606906, 0.0032203998416662216, 0.003698274726048112, 0.004176149610430002, 0.004654024727642536, 0.005131899379193783, 0.0056097740307450294, 0.006087649147957563, 0.006565524265170097, 0.007043398916721344, 0.007521273568272591, 0.007999148219823837, 0.008477023802697659, 0.008954898454248905, 0.009432773105800152, 0.009910648688673973, 0.01038852334022522, 0.010866397991776466, 0.011344272643327713, 0.01182214729487896, 0.012300022877752781, 0.012777897529304028, 0.013255772180855274, 0.013733647763729095, 0.014211522415280342, 0.014689397066831589, 0.015167271718382835, 0.015645146369934082, 0.01612302102148533, 0.016600895673036575, 0.01707877218723297, 0.017556646838784218, 0.018034521490335464, 0.01851239614188671]}, "gradients/linear_functions.0.weight": {"_type": "histogram", "values": [3.0, 1.0, 2.0, 1.0, 2.0, 3.0, 4.0, 6.0, 8.0, 20.0, 16.0, 21.0, 22.0, 34.0, 40.0, 60.0, 70.0, 165.0, 250.0, 769.0, 4500.0, 575.0, 170.0, 98.0, 56.0, 39.0, 33.0, 33.0, 29.0, 19.0, 21.0, 13.0, 17.0, 9.0, 13.0, 7.0, 12.0, 8.0, 4.0, 7.0, 10.0, 3.0, 3.0, 5.0, 4.0, 2.0, 2.0, 3.0, 0.0, 2.0, 3.0, 1.0, 1.0, 0.0, 0.0, 0.0, 0.0, 0.0, 0.0, 0.0, 0.0, 0.0, 0.0, 1.0], "bins": [-0.08932022750377655, -0.08497069776058197, -0.08062117546796799, -0.07627164572477341, -0.07192212343215942, -0.06757259368896484, -0.06322306394577026, -0.05887353792786598, -0.0545240119099617, -0.05017448589205742, -0.04582495987415314, -0.04147543013095856, -0.037125904113054276, -0.032776378095149994, -0.028426850214600563, -0.024077322334051132, -0.01972779631614685, -0.015378269366919994, -0.011028742417693138, -0.006679215468466282, -0.0023296885192394257, 0.002019837498664856, 0.006369365379214287, 0.010718893259763718, 0.015068419277668, 0.01941794529557228, 0.02376747317612171, 0.028117001056671143, 0.032466527074575424, 0.036816053092479706, 0.041165582835674286, 0.04551510885357857, 0.04986464977264404, 0.054214175790548325, 0.058563701808452606, 0.06291323155164719, 0.06726275384426117, 0.07161228358745575, 0.07596181333065033, 0.08031134307384491, 0.08466086536645889, 0.08901039510965347, 0.09335991740226746, 0.09770944714546204, 0.10205897688865662, 0.1064084991812706, 0.11075802892446518, 0.11510755121707916, 0.11945708096027374, 0.12380661070346832, 0.1281561404466629, 0.1325056552886963, 0.13685518503189087, 0.14120471477508545, 0.14555424451828003, 0.1499037742614746, 0.1542533040046692, 0.15860283374786377, 0.16295236349105835, 0.16730187833309174, 0.17165140807628632, 0.1760009378194809, 0.18035046756267548, 0.18469999730587006, 0.18904951214790344]}, "gradients/conv_functions.2.weight": {"_type": "histogram", "values": [1.0, 0.0, 0.0, 0.0, 0.0, 0.0, 0.0, 0.0, 0.0, 0.0, 1.0, 1.0, 1.0, 1.0, 1.0, 1.0, 2.0, 1.0, 0.0, 4.0, 5.0, 4.0, 7.0, 8.0, 8.0, 18.0, 8.0, 16.0, 29.0, 17.0, 31.0, 22.0, 29.0, 38.0, 32.0, 57.0, 56.0, 56.0, 87.0, 136.0, 73.0, 75.0, 67.0, 40.0, 32.0, 25.0, 17.0, 20.0, 16.0, 22.0, 12.0, 15.0, 8.0, 5.0, 12.0, 3.0, 8.0, 5.0, 4.0, 5.0, 5.0, 3.0, 1.0, 1.0],