{"examples": {"_type": "images/separated", "width": 28, "height": 28, "format": "png", "count": 64}, "_runtime": 115, "_timestamp": 1641473631, "_step": 12520, "loss": 0.057531350404769185, "gradients/final_linear.bias": {"_type": "histogram", "values": [2.0, 0.0, 0.0, 0.0, 0.0, 0.0, 0.0, 0.0, 0.0, 0.0, 0.0, 0.0, 0.0, 0.0, 0.0, 0.0, 0.0, 0.0, 1.0, 0.0, 0.0, 0.0, 0.0, 0.0, 0.0, 0.0, 0.0, 0.0, 1.0, 2.0, 0.0, 0.0, 1.0, 0.0, 0.0, 1.0, 0.0, 0.0, 0.0, 0.0, 0.0, 0.0, 0.0, 0.0, 0.0, 0.0, 0.0, 0.0, 0.0, 0.0, 1.0, 0.0, 0.0, 0.0, 0.0, 0.0, 0.0, 0.0, 0.0, 0.0, 0.0, 0.0, 0.0, 1.0], "bins": [-0.002508772537112236, -0.002421857789158821, -0.002334943041205406, -0.0022480282932519913, -0.0021611135452985764, -0.0020741987973451614, -0.0019872840493917465, -0.0019003693014383316, -0.0018134545534849167, -0.0017265398055315018, -0.0016396250575780869, -0.001552710309624672, -0.001465795561671257, -0.001378880813717842, -0.0012919660657644272, -0.0012050513178110123, -0.0011181364534422755, -0.0010312217054888606, -0.0009443069575354457, -0.0008573922095820308, -0.0007704774616286159, -0.0006835627136752009, -0.0005966479075141251, -0.0005097331595607102, -0.00042281835339963436, -0.00033590360544621944, -0.00024898885749280453, -0.00016207408043555915, -7.515933248214424e-05, 1.175541547127068e-05, 9.867019252851605e-05, 0.00018558494048193097, 0.000272499630227685, 0.0003594143781810999, 0.0004463291261345148, 0.0005332438740879297, 0.0006201586220413446, 0.0007070733699947596, 0.0007939881761558354, 0.0008809029241092503, 0.0009678176138550043, 0.0010547323618084192, 0.0011416471097618341, 0.001228561857715249, 0.001315476605668664, 0.001402391353622079, 0.0014893061015754938, 0.0015762208495289087, 0.0016631357138976455, 0.0017500504618510604, 0.0018369652098044753, 0.0019238799577578902, 0.002010794822126627, 0.002097709570080042, 0.002184624318033457, 0.0022715390659868717, 0.0023584538139402866, 0.0024453685618937016, 0.0025322833098471165, 0.0026191980578005314, 0.0027061128057539463, 0.0027930275537073612, 0.002879942301660776, 0.002966857049614191, 0.003053771797567606]}, "gradients/final_linear.weight": {"_type": "histogram", "values": [1.0, 0.0, 0.0, 1.0, 0.0, 0.0, 0.0, 0.0, 1.0, 2.0, 0.0, 2.0, 1.0, 1.0, 1.0, 0.0, 3.0, 1.0, 4.0, 1.0, 3.0, 3.0, 1.0, 4.0, 3.0, 9.0, 19.0, 208.0, 173.0, 16.0, 11.0, 5.0, 6.0, 1.0, 3.0, 1.0, 0.0, 0.0, 2.0, 2.0, 2.0, 3.0, 0.0, 1.0, 1.0, 0.0, 0.0, 2.0, 0.0, 0.0, 0.0, 0.0, 0.0, 0.0, 0.0, 0.0, 0.0, 0.0, 0.0, 0.0, 0.0, 0.0, 1.0, 1.0], "bins": [-0.024582332000136375, -0.023703429847955704, -0.022824525833129883, -0.02194562368094921, -0.02106671966612339, -0.02018781751394272, -0.019308913499116898, -0.018430011346936226, -0.017551109194755554, -0.016672207042574883, -0.01579330302774906, -0.01491440087556839, -0.014035496860742569, -0.013156594708561897, -0.012277691625058651, -0.011398788541555405, -0.010519884526729584, -0.009640981443226337, -0.008762078359723091, -0.00788317620754242, -0.007004272658377886, -0.0061253695748746395, -0.0052464669570326805, -0.004367563873529434, -0.0034886617213487625, -0.002609758637845516, -0.0017308557871729136, -0.0008519529365003109, 2.695014700293541e-05, 0.0009058532305061817, 0.0017847558483481407, 0.002663658931851387, 0.0035425610840320587, 0.004421464167535305, 0.005300367251038551, 0.00617926986888051, 0.007058172952383757, 0.007937075570225716, 0.008815978653728962, 0.009694881737232208, 0.01057378575205803, 0.011452688835561275, 0.012331591919064522, 0.013210494071245193, 0.014089398086071014, 0.014968300238251686, 0.015847202390432358, 0.01672610640525818, 0.01760500855743885, 0.018483910709619522, 0.019362814724445343, 0.020241716876626015, 0.021120620891451836, 0.021999523043632507, 0.022878427058458328, 0.023757329210639, 0.02463623136281967, 0.025515133515000343, 0.026394037529826164, 0.027272939682006836, 0.028151843696832657, 0.02903074584901333, 0.029909648001194, 0.03078855201601982, 0.03166745603084564]}, "gradients/linear_functions.0.bias": {"_type": "histogram", "values": [1.0, 0.0, 0.0, 0.0, 0.0, 0.0, 0.0, 1.0, 0.0, 0.0, 0.0, 0.0, 0.0, 0.0, 0.0, 1.0, 0.0, 0.0, 0.0, 0.0, 0.0, 0.0, 1.0, 1.0, 1.0, 1.0, 0.0, 3.0, 0.0, 3.0, 2.0, 0.0, 4.0, 2.0, 4.0, 10.0, 8.0, 2.0, 1.0, 0.0, 1.0, 0.0, 0.0, 0.0, 0.0, 0.0, 0.0, 1.0, 0.0, 0.0, 1.0, 0.0, 0.0, 0.0, 0.0, 0.0, 0.0, 0.0, 0.0, 0.0, 0.0, 0.0, 0.0, 1.0], "bins": [-0.0015004872111603618, -0.0014585909666493535, -0.0014166946057230234, -0.0013747983612120152, -0.0013329021167010069, -0.0012910058721899986, -0.0012491095112636685, -0.0012072132667526603, -0.0011653169058263302, -0.001123420661315322, -0.0010815243003889918, -0.0010396280558779836, -0.0009977318113669753, -0.0009558355086483061, -0.000913939205929637, -0.0008720429614186287, -0.0008301467169076204, -0.0007882504141889513, -0.000746354169677943, -0.0007044578669592738, -0.0006625616224482656, -0.0006206653197295964, -0.0005787690170109272, -0.0005368727724999189, -0.0004949764115735888, -0.00045308013795875013, -0.0004111838643439114, -0.00036928756162524223, -0.0003273912880104035, -0.0002854950143955648, -0.00024359871167689562, -0.0002017024380620569, -0.00015980610623955727, -0.00011790982534876093, -7.60135444579646e-05, -3.411725629121065e-05, 7.779017323628068e-06, 4.967529093846679e-05, 9.157159365713596e-05, 0.00013346786727197468, 0.0001753640826791525, 0.0002172603562939912, 0.00025915662990882993, 0.0003010529326274991, 0.0003429492062423378, 0.00038484547985717654, 0.0004267417825758457, 0.00046863805619068444, 0.0005105343880131841, 0.0005524306907318532, 0.0005943269352428615, 0.0006362232379615307, 0.000678119482472539, 0.0007200157851912081, 0.0007619120879098773, 0.0008038083324208856, 0.0008457046351395547, 0.0008876009378582239, 0.0009294971823692322, 0.0009713934850879014, 0.0010132897878065705, 0.0010551860323175788, 0.0010970823932439089, 0.0011389786377549171, 0.0011808748822659254]}, "gradients/linear_functions.0.weight": {"_type": "histogram", "values": [2.0, 1.0, 0.0, 0.0, 0.0, 0.0, 1.0, 1.0, 1.0, 3.0, 3.0, 1.0, 2.0, 4.0, 4.0, 1.0, 5.0, 11.0, 7.0, 8.0, 8.0, 15.0, 16.0, 12.0, 13.0, 32.0, 34.0, 47.0, 73.0, 113.0, 159.0, 207.0, 426.0, 1149.0, 4313.0, 220.0, 76.0, 56.0, 32.0, 25.0, 25.0, 14.0, 11.0, 19.0, 10.0, 9.0, 5.0, 5.0, 1.0, 2.0, 3.0, 4.0, 3.0, 1.0, 2.0, 0.0, 1.0, 0.0, 2.0, 0.0, 1.0, 0.0, 0.0, 1.0], "bins": [-0.014261729083955288, -0.013846124522387981, -0.0134305190294981, -0.013014914467930794, -0.012599309906363487, -0.01218370534479618, -0.011768100783228874, -0.011352495290338993, -0.010936890728771687, -0.01052128616720438, -0.010105680674314499, -0.009690076112747192, -0.009274471551179886, -0.00885886698961258, -0.008443262428045273, -0.008027656935155392, -0.007612052373588085, -0.007196447812020779, -0.006780842784792185, -0.006365237757563591, -0.0059496331959962845, -0.005534028634428978, -0.005118423607200384, -0.00470281857997179, -0.004287214018404484, -0.0038716092240065336, -0.0034560044296085835, -0.0030403996352106333, -0.002624794840812683, -0.002209190046414733, -0.0017935852520167828, -0.0013779804576188326, -0.0009623756632208824, -0.0005467708688229322, -0.00013116607442498207, 0.0002844387199729681, 0.0007000435143709183, 0.0011156483087688684, 0.0015312531031668186, 0.0019468578975647688, 0.002362462691962719, 0.002778067486360669, 0.0031936722807586193, 0.0036092770751565695, 0.00402488186955452, 0.004440486431121826, 0.00485609145835042, 0.005271696485579014, 0.00568730104714632, 0.006102905608713627, 0.006518510635942221, 0.0069341156631708145, 0.007349720224738121, 0.0077653247863054276, 0.008180929347872734, 0.008596534840762615, 0.009012139402329922, 0.009427743963897228, 0.00984334945678711, 0.010258954018354416, 0.010674558579921722, 0.011090163141489029, 0.011505767703056335, 0.011921373195946217, 0.012336977757513523]}, "gradients/conv_functions.2.weight": {"_type": "histogram",