{"batch_loss": 0.022719651460647583, "_runtime": 97, "_timestamp": 1641485145, "_step": 10021, "gradients/final_linear.bias": {"_type": "histogram", "values": [1.0, 0.0, 0.0, 0.0, 0.0, 0.0, 0.0, 0.0, 0.0, 0.0, 0.0, 0.0, 0.0, 0.0, 0.0, 0.0, 0.0, 0.0, 0.0, 0.0, 0.0, 0.0, 0.0, 0.0, 0.0, 0.0, 0.0, 0.0, 0.0, 0.0, 0.0, 0.0, 0.0, 0.0, 1.0, 0.0, 0.0, 1.0, 0.0, 2.0, 0.0, 0.0, 0.0, 1.0, 1.0, 1.0, 0.0, 1.0, 0.0, 0.0, 0.0, 0.0, 0.0, 0.0, 0.0, 0.0, 0.0, 0.0, 0.0, 0.0, 0.0, 0.0, 0.0, 1.0], "bins": [-0.009642532095313072, -0.009399130009114742, -0.009155726991593838, -0.008912324905395508, -0.008668921887874603, -0.008425519801676273, -0.008182117715477943, -0.007938714697957039, -0.007695312611758709, -0.007451910059899092, -0.0072085075080394745, -0.0069651054218411446, -0.006721702869981527, -0.00647830031812191, -0.00623489823192358, -0.005991495680063963, -0.005748093128204346, -0.0055046905763447285, -0.005261288024485111, -0.005017885938286781, -0.004774483386427164, -0.004531080834567547, -0.004287678748369217, -0.0040442761965096, -0.0038008736446499825, -0.0035574710927903652, -0.0033140687737613916, -0.003070666454732418, -0.002827263902872801, -0.0025838613510131836, -0.00234045903198421, -0.0020970567129552364, -0.001853653695434332, -0.0016102512599900365, -0.001366848824545741, -0.0011234463891014457, -0.0008800439536571503, -0.0006366415182128549, -0.00039323908276855946, -0.00014983664732426405, 9.356578812003136e-05, 0.00033696822356432676, 0.0005803706590086222, 0.0008237730944529176, 0.001067175529897213, 0.0013105779653415084, 0.0015539804007858038, 0.0017973828362300992, 0.0020407852716743946, 0.002284187823534012, 0.0025275901425629854, 0.002770992461591959, 0.0030143950134515762, 0.0032577975653111935, 0.003501199884340167, 0.0037446022033691406, 0.003988004755228758, 0.004231407307088375, 0.004474809393286705, 0.004718211945146322, 0.0049616144970059395, 0.005205017048865557, 0.005448419600725174, 0.005691821686923504, 0.005935224238783121]}, "gradients/final_linear.weight": {"_type": "histogram", "values": [1.0, 0.0, 0.0, 0.0, 0.0, 0.0, 0.0, 0.0, 0.0, 0.0, 0.0, 0.0, 0.0, 2.0, 0.0, 1.0, 0.0, 0.0, 1.0, 0.0, 0.0, 1.0, 0.0, 0.0, 1.0, 1.0, 1.0, 1.0, 0.0, 0.0, 1.0, 3.0, 2.0, 7.0, 21.0, 356.0, 60.0, 18.0, 7.0, 4.0, 0.0, 0.0, 2.0, 2.0, 1.0, 1.0, 1.0, 0.0, 0.0, 0.0, 1.0, 0.0, 0.0, 2.0, 0.0, 0.0, 0.0, 0.0, 0.0, 0.0, 0.0, 0.0, 0.0, 1.0], "bins": [-0.138429656624794, -0.13455362617969513, -0.13067759573459625, -0.12680158019065857, -0.1229255422949791, -0.11904951930046082, -0.11517348885536194, -0.11129745841026306, -0.10742142796516418, -0.10354539752006531, -0.09966937452554703, -0.09579334408044815, -0.09191731363534927, -0.088041290640831, -0.08416526019573212, -0.08028922975063324, -0.07641320675611496, -0.07253717631101608, -0.0686611533164978, -0.06478512287139893, -0.06090909242630005, -0.05703306570649147, -0.05315703898668289, -0.049281008541584015, -0.045404985547065735, -0.041528958827257156, -0.03765292838215828, -0.0337769016623497, -0.029900873079895973, -0.026024844497442245, -0.022148817777633667, -0.01827278919517994, -0.014396749436855316, -0.010520720854401588, -0.006644693203270435, -0.0027686655521392822, 0.0011073630303144455, 0.004983391612768173, 0.008859418332576752, 0.01273544691503048, 0.016611479222774506, 0.020487507805228233, 0.02436353638768196, 0.02823956310749054, 0.032115593552589417, 0.035991620272397995, 0.039867646992206573, 0.04374367743730545, 0.04761970043182373, 0.05149572715163231, 0.055371757596731186, 0.059247784316539764, 0.06312381476163864, 0.06699983775615692, 0.0708758682012558, 0.07475189864635468, 0.07862792909145355, 0.08250395953655243, 0.08637998253107071, 0.09025601297616959, 0.09413204342126846, 0.09800806641578674, 0.10188409686088562, 0.1057601273059845, 0.10963615030050278]}, "gradients/linear_functions.0.bias": {"_type": "histogram", "values": [1.0, 0.0, 0.0, 0.0, 0.0, 0.0, 0.0, 1.0, 0.0, 0.0, 0.0, 1.0, 1.0, 0.0, 0.0, 1.0, 0.0, 0.0, 1.0, 3.0, 4.0, 5.0, 6.0, 8.0, 3.0, 2.0, 3.0, 0.0, 2.0, 1.0, 0.0, 0.0, 1.0, 1.0, 0.0, 0.0, 0.0, 0.0, 0.0, 0.0, 0.0, 1.0, 1.0, 0.0, 0.0, 0.0, 0.0, 1.0, 0.0, 1.0, 0.0, 0.0, 0.0, 0.0, 0.0, 0.0, 0.0, 0.0, 0.0, 0.0, 0.0, 0.0, 0.0, 1.0], "bins": [-0.0030307569541037083, -0.0029013482853770256, -0.0027719398494809866, -0.002642531180754304, -0.002513122744858265, -0.0023837140761315823, -0.0022543054074048996, -0.0021248969715088606, -0.0019954885356128216, -0.0018660799833014607, -0.0017366714309901, -0.0016072627622634172, -0.0014778543263673782, -0.0013484456576406956, -0.0012190371053293347, -0.001089628553017974, -0.0009602198842912912, -0.0008308113319799304, -0.0007014027796685696, -0.0005719941691495478, -0.000442585616838187, -0.00031317706452682614, -0.0001837684540078044, -5.435990169644356e-05, 7.50487670302391e-05, 0.00020445733389351517, 0.00033386590075679123, 0.0004632744821719825, 0.0005926830344833434, 0.0007220915867947042, 0.000851500197313726, 0.0009809087496250868, 0.0011103171855211258, 0.0012397257378324866, 0.0013691342901438475, 0.0014985429588705301, 0.0016279513947665691, 0.0017573600634932518, 0.0018867686158046126, 0.0020161771681159735, 0.0021455856040120125, 0.002274994272738695, 0.002404402708634734, 0.002533811377361417, 0.002663219813257456, 0.0027926284819841385, 0.002922037150710821, 0.00305144558660686, 0.003180854255333543, 0.0033102629240602255, 0.0034396713599562645, 0.003569080028682947, 0.003698488464578986, 0.003827897133305669, 0.003957305569201708, 0.0040867142379283905, 0.004216122906655073, 0.004345531575381756, 0.0044749402441084385, 0.004604348447173834, 0.0047337571159005165, 0.004863165784627199, 0.004992574453353882, 0.005121982656419277, 0.00525139132514596]}, "gradients/linear_functions.0.weight": {"_type": "histogram", "values": [1.0, 0.0, 0.0, 1.0, 3.0, 0.0, 2.0, 2.0, 5.0, 4.0, 8.0, 7.0, 15.0, 17.0, 21.0, 45.0, 51.0, 88.0, 189.0, 535.0, 4467.0, 835.0, 287.0, 142.0, 104.0, 74.0, 46.0, 48.0, 33.0, 32.0, 20.0, 22.0, 15.0, 10.0, 10.0, 7.0, 10.0, 5.0, 7.0, 6.0, 3.0, 5.0, 2.0, 2.0, 2.0, 2.0, 2.0, 1.0, 1.0, 1.0, 1.0, 0.0, 0.0, 1.0, 1.0, 0.0, 1.0, 0.0, 0.0, 0.0, 0.0, 0.0, 0.0, 1.0], "bins": [-0.029931431636214256, -0.028494222089648247, -0.027057010680437088, -0.02561980113387108, -0.02418259158730507, -0.02274538204073906, -0.0213081706315279, -0.01987096108496189, -0.018433749675750732, -0.016996540129184723, -0.015559329651296139, -0.014122119173407555, -0.012684909626841545, -0.011247699148952961, -0.009810488671064377, -0.008373279124498367, -0.006936069577932358, -0.005498859565705061, -0.004061649553477764, -0.00262443907558918, -0.0011872290633618832, 0.00024998094886541367, 0.0016871914267539978, 0.0031244009733200073, 0.004561612382531166, 0.005998822394758463, 0.00743603240698576, 0.008873242884874344, 0.010310452431440353, 0.011747662909328938, 0.013184873387217522, 0.014622082933783531, 0.01605929434299469, 0.0174965038895607, 0.018933715298771858, 0.020370924845337868, 0.021808134391903877, 0.023245345801115036, 0.024682555347681046, 0.026119764894247055, 0.027556974440813065, 0.028994183987379074, 0.030431395396590233, 0.03186860680580139, 0.0333058163523674, 0.03474302589893341, 0.03618023544549942, 0.03761744499206543, 0.03905465453863144, 0.04049186408519745, 0.04192907363176346, 0.04336628317832947, 0.044803496450185776, 0.046240705996751785, 0.047677915543317795, 0.049115125089883804, 0.05055233836174011, 0.05198954790830612, 0.05342675745487213, 0.05486396700143814, 0.05630118027329445, 0.05773838981986046, 0.05917559936642647, 0.06061280891299248, 0.06205001845955849]}, "gradients/conv_functions.2.weight": {"_type": "histogram", "values": [1.0, 0.0, 0.0, 0.0, 0.0, 0.0, 0.0, 0.0, 0.0, 0.0, 0.0, 1.0, 0.0, 0.0, 1.0, 1.0, 1.0, 0.0, 0.0, 1.0, 0.0, 2.0, 2.0, 2.0, 6.0, 3.0, 8.0, 9.0, 11.0, 20.0, 20.0, 20.0, 20.0, 42.0, 46.0, 75.0, 90.0, 84.0, 94.0, 95.0, 74.0, 72.0, 64.0, 62.0, 36.0, 25.0, 29.0, 34.0, 23.0, 16.0, 9.0, 12.0, 15.0, 5.0, 8.0, 3.0, 5.0, 2.0, 0.0, 0.0, 1.0, 1.0, 0.0, 1.0],