{"examples": {"_type": "images/separated", "width": 28, "height": 28, "format": "png", "count": 64}, "_runtime": 121, "_timestamp": 1641474234, "_step": 12520, "batch_loss": 0.012856142595410347, "gradients/final_linear.bias": {"_type": "histogram", "values": [1.0, 0.0, 0.0, 1.0, 0.0, 0.0, 0.0, 0.0, 0.0, 0.0, 0.0, 0.0, 0.0, 1.0, 0.0, 0.0, 0.0, 0.0, 0.0, 0.0, 0.0, 0.0, 0.0, 0.0, 0.0, 0.0, 0.0, 0.0, 1.0, 0.0, 0.0, 0.0, 0.0, 1.0, 0.0, 1.0, 0.0, 0.0, 0.0, 0.0, 0.0, 0.0, 0.0, 0.0, 0.0, 0.0, 0.0, 0.0, 0.0, 0.0, 0.0, 0.0, 0.0, 1.0, 0.0, 1.0, 1.0, 0.0, 0.0, 0.0, 0.0, 0.0, 0.0, 1.0], "bins": [-0.001914009335450828, -0.0018581963377073407, -0.0018023833399638534, -0.0017465702258050442, -0.0016907572280615568, -0.0016349442303180695, -0.001579131232574582, -0.0015233182348310947, -0.0014675052370876074, -0.00141169223934412, -0.0013558792416006327, -0.0013000662438571453, -0.0012442531296983361, -0.0011884401319548488, -0.0011326271342113614, -0.001076814136467874, -0.0010210010223090649, -0.0009651880245655775, -0.0009093749686144292, -0.0008535619708709419, -0.0007977489149197936, -0.0007419359171763062, -0.0006861229194328189, -0.0006303099216893315, -0.0005744969239458442, -0.0005186839262023568, -0.00046287087025120854, -0.0004070578725077212, -0.00035124484566040337, -0.00029543181881308556, -0.0002396188210695982, -0.00018380579422228038, -0.00012799259275197983, -7.217957318061963e-05, -1.6366553609259427e-05, 3.944645868614316e-05, 9.525948553346097e-05, 0.0001510725123807788, 0.00020688551012426615, 0.00026269853697158396, 0.0003185116220265627, 0.0003743246488738805, 0.0004301376757211983, 0.0004859506734646857, 0.000541763729415834, 0.0005975767271593213, 0.0006533897249028087, 0.000709202722646296, 0.0007650157203897834, 0.0008208287181332707, 0.000876641774084419, 0.0009324547718279064, 0.0009882678277790546, 0.001044080825522542, 0.0010998938232660294, 0.0011557068210095167, 0.001211519818753004, 0.0012673328164964914, 0.0013231458142399788, 0.0013789588119834661, 0.0014347719261422753, 0.0014905849238857627, 0.00154639792162925, 0.0016022109193727374, 0.0016580240335315466]}, "gradients/final_linear.weight": {"_type": "histogram", "values": [1.0, 0.0, 0.0, 0.0, 0.0, 0.0, 0.0, 0.0, 0.0, 0.0, 0.0, 0.0, 1.0, 1.0, 0.0, 1.0, 1.0, 0.0, 0.0, 1.0, 1.0, 2.0, 1.0, 2.0, 2.0, 2.0, 3.0, 1.0, 1.0, 2.0, 6.0, 3.0, 6.0, 8.0, 9.0, 7.0, 21.0, 324.0, 22.0, 11.0, 10.0, 8.0, 10.0, 3.0, 4.0, 4.0, 3.0, 2.0, 3.0, 0.0, 1.0, 3.0, 0.0, 2.0, 1.0, 0.0, 0.0, 1.0, 0.0, 0.0, 2.0, 1.0, 1.0, 1.0], "bins": [-0.04052631929516792, -0.03944866359233856, -0.0383710041642189, -0.03729334846138954, -0.03621568903326988, -0.03513803333044052, -0.03406037390232086, -0.0329827181994915, -0.03190506249666214, -0.03082740493118763, -0.02974974736571312, -0.02867209166288376, -0.02759443409740925, -0.026516776531934738, -0.025439118966460228, -0.024361461400985718, -0.023283803835511208, -0.022206146270036697, -0.021128488704562187, -0.020050831139087677, -0.018973175436258316, -0.017895517870783806, -0.016817860305309296, -0.015740202739834785, -0.014662545174360275, -0.013584887608885765, -0.01250723097473383, -0.01142957340925932, -0.010351916775107384, -0.009274259209632874, -0.008196601644158363, -0.0071189445443451405, -0.006041290238499641, -0.0049636331386864185, -0.003885975806042552, -0.0028083184733986855, -0.0017306613735854626, -0.0006530042737722397, 0.0004246532917022705, 0.0015023103915154934, 0.0025799665600061417, 0.0036576236598193645, 0.004735280759632587, 0.005812938325107098, 0.0068905954249203205, 0.007968252524733543, 0.009045910090208054, 0.010123567655682564, 0.011201225221157074, 0.012278882786631584, 0.01335653942078352, 0.01443419698625803, 0.015511853620409966, 0.016589511185884476, 0.017667168751358986, 0.018744826316833496, 0.019822482019662857, 0.020900139585137367, 0.021977797150611877, 0.02305545285344124, 0.02413311041891575, 0.02521076798439026, 0.02628842554986477, 0.02736608311533928, 0.02844374068081379]}, "gradients/linear_functions.0.bias": {"_type": "histogram", "values": [1.0, 1.0, 1.0, 1.0, 0.0, 1.0, 2.0, 1.0, 2.0, 2.0, 2.0, 2.0, 1.0, 1.0, 0.0, 0.0, 0.0, 2.0, 1.0, 1.0, 2.0, 8.0, 7.0, 2.0, 1.0, 0.0, 1.0, 0.0, 0.0, 1.0, 1.0, 0.0, 1.0, 0.0, 0.0, 0.0, 1.0, 0.0, 0.0, 0.0, 0.0, 0.0, 0.0, 0.0, 0.0, 0.0, 0.0, 0.0, 0.0, 0.0, 0.0, 0.0, 0.0, 1.0, 0.0, 0.0, 0.0, 0.0, 0.0, 0.0, 0.0, 1.0, 0.0, 1.0], "bins": [-0.0013426102232187986, -0.0012832912616431713, -0.0012239724164828658, -0.0011646534549072385, -0.0011053344933316112, -0.0010460156481713057, -0.0009866966865956783, -0.0009273777832277119, -0.0008680588798597455, -0.0008087399764917791, -0.0007494210149161518, -0.0006901021115481853, -0.0006307832081802189, -0.0005714643048122525, -0.0005121453432366252, -0.0004528264398686588, -0.00039350747829303145, -0.0003341885458212346, -0.00027486964245326817, -0.0002155507099814713, -0.00015623179206158966, -9.691287414170802e-05, -3.7593941669911146e-05, 2.1724961698055267e-05, 8.10439232736826e-05, 0.00014036284119356424, 0.00019968175911344588, 0.00025900069158524275, 0.00031831959495320916, 0.00037763852742500603, 0.0004369574598968029, 0.0004962763632647693, 0.0005555952666327357, 0.0006149141700007021, 0.0006742331315763295, 0.0007335520349442959, 0.0007928709383122623, 0.0008521898416802287, 0.000911508803255856, 0.0009708277066238225, 0.0010301466099917889, 0.0010894655715674162, 0.0011487844167277217, 0.001208103378303349, 0.0012674223398789763, 0.0013267411850392818, 0.0013860601466149092, 0.0014453791081905365, 0.0015046980697661638, 0.0015640170313417912, 0.0016233358765020967, 0.001682654838077724, 0.0017419737996533513, 0.0018012926448136568, 0.0018606116063892841, 0.0019199305679649115, 0.001979249296709895, 0.0020385682582855225, 0.00209788721986115, 0.002157206181436777, 0.002216524910181761, 0.002275843871757388, 0.0023351628333330154, 0.0023944817949086428, 0.00245380075648427]}, "gradients/linear_functions.0.weight": {"_type": "histogram", "values": [2.0, 0.0, 1.0, 0.0, 0.0, 3.0, 2.0, 2.0, 6.0, 2.0, 11.0, 15.0, 33.0, 32.0, 34.0, 50.0, 58.0, 112.0, 137.0, 154.0, 221.0, 272.0, 368.0, 612.0, 3701.0, 635.0, 207.0, 115.0, 73.0, 61.0, 39.0, 35.0, 22.0, 26.0, 14.0, 16.0, 18.0, 13.0, 14.0, 12.0, 10.0, 7.0, 6.0, 5.0, 10.0, 6.0, 2.0, 4.0, 7.0, 5.0, 2.0, 2.0, 0.0, 0.0, 2.0, 2.0, 0.0, 0.0, 0.0, 0.0, 0.0, 1.0, 0.0, 1.0], "bins": [-0.015685290098190308, -0.015053682960569859, -0.01442207582294941, -0.013790469616651535, -0.013158862479031086, -0.012527255341410637, -0.011895649135112762, -0.011264041997492313, -0.010632434859871864, -0.010000827722251415, -0.009369220584630966, -0.008737614378333092, -0.008106007240712643, -0.007474400103092194, -0.006842793431133032, -0.00621118675917387, -0.005579579621553421, -0.004947972483932972, -0.00431636581197381, -0.003684758907184005, -0.0030531520023941994, -0.002421545097604394, -0.0017899381928145885, -0.0011583315208554268, -0.0005267243832349777, 0.00010488252155482769, 0.0007364894263446331, 0.0013680963311344385, 0.001999703235924244, 0.0026313101407140493, 0.0032629170455038548, 0.0038945237174630165, 0.004526130855083466, 0.005157737992703915, 0.005789344664663076, 0.006420951336622238, 0.007052558474242687, 0.007684165611863136, 0.00831577181816101, 0.00894737895578146, 0.009578986093401909, 0.010210593231022358, 0.010842200368642807, 0.011473806574940681, 0.01210541371256113, 0.01273702085018158, 0.013368627056479454, 0.014000234194099903, 0.014631841331720352, 0.015263448469340801, 0.01589505560696125, 0.016526661813259125, 0.01715826988220215, 0.017789876088500023, 0.018421482294797897, 0.01905309036374092, 0.019684696570038795, 0.02031630277633667, 0.020947910845279694, 0.021579517051577568, 0.022211123257875443, 0.022842731326818466, 0.02347433753311634, 0.024105943739414215, 0.02473755180835724]}, "gradients/conv_functions.2.weight": {"_type": "histogram",