{"examples": {"_type": "images/separated", "width": 28, "height": 28, "format": "png", "count": 64}, "_runtime": 111, "_timestamp": 1641474399, "_step": 12521, "batch_loss": 0.008418511599302292, "gradients/final_linear.bias": {"_type": "histogram", "values": [1.0, 0.0, 0.0, 1.0, 0.0, 0.0, 0.0, 0.0, 0.0, 0.0, 0.0, 0.0, 0.0, 0.0, 0.0, 0.0, 0.0, 0.0, 0.0, 0.0, 0.0, 0.0, 1.0, 0.0, 0.0, 0.0, 1.0, 1.0, 0.0, 0.0, 1.0, 0.0, 0.0, 0.0, 1.0, 0.0, 0.0, 0.0, 0.0, 0.0, 0.0, 0.0, 0.0, 0.0, 1.0, 0.0, 0.0, 1.0, 0.0, 0.0, 0.0, 0.0, 0.0, 0.0, 0.0, 0.0, 0.0, 0.0, 0.0, 0.0, 0.0, 0.0, 0.0, 1.0], "bins": [-0.0026897534262388945, -0.0026001569349318743, -0.0025105602107942104, -0.0024209637194871902, -0.0023313669953495264, -0.0022417705040425062, -0.0021521737799048424, -0.002062577288597822, -0.001972980797290802, -0.00188338418956846, -0.001793787581846118, -0.0017041910905390978, -0.001614594366401434, -0.0015249978750944138, -0.0014354012673720717, -0.0013458046596497297, -0.0012562079355120659, -0.0011666113277897239, -0.0010770147200673819, -0.0009874182287603617, -0.0008978215628303587, -0.0008082249551080167, -0.0007186284055933356, -0.0006290317978709936, -0.0005394353065639734, -0.0004498386988416314, -0.00036024212022311985, -0.0002706455416046083, -0.00018104893388226628, -9.145232615992427e-05, -1.8557766452431679e-06, 8.774083107709885e-05, 0.0001773375552147627, 0.0002669341629371047, 0.00035653074155561626, 0.0004461273201741278, 0.0005357239278964698, 0.0006253205356188118, 0.000714917085133493, 0.000804513692855835, 0.0008941104169934988, 0.0009837070247158408, 0.0010733036324381828, 0.001162900123745203, 0.0012524968478828669, 0.001342093339189887, 0.001431689946912229, 0.001521286554634571, 0.0016108830459415913, 0.0017004796536639333, 0.0017900762613862753, 0.0018796727526932955, 0.0019692694768309593, 0.0020588659681379795, 0.0021484624594449997, 0.0022380591835826635, 0.0023276559077203274, 0.0024172523990273476, 0.0025068491231650114, 0.0025964456144720316, 0.0026860423386096954, 0.0027756388299167156, 0.002865235321223736, 0.0029548320453613997, 0.00304442853666842]}, "gradients/final_linear.weight": {"_type": "histogram", "values": [1.0, 0.0, 1.0, 1.0, 0.0, 0.0, 0.0, 0.0, 0.0, 0.0, 0.0, 0.0, 1.0, 0.0, 2.0, 1.0, 1.0, 1.0, 1.0, 0.0, 1.0, 0.0, 3.0, 3.0, 1.0, 1.0, 2.0, 4.0, 0.0, 1.0, 2.0, 4.0, 5.0, 14.0, 12.0, 16.0, 66.0, 252.0, 25.0, 12.0, 13.0, 9.0, 8.0, 3.0, 4.0, 3.0, 5.0, 4.0, 1.0, 4.0, 1.0, 2.0, 2.0, 1.0, 0.0, 1.0, 1.0, 1.0, 1.0, 0.0, 0.0, 0.0, 0.0, 2.0], "bins": [-0.025039197877049446, -0.024365928024053574, -0.0236926581710577, -0.02301938831806183, -0.022346118465065956, -0.021672848612070084, -0.02099958062171936, -0.02032630890607834, -0.019653040915727615, -0.018979771062731743, -0.01830650120973587, -0.017633231356739998, -0.016959961503744125, -0.016286691650748253, -0.015613422729074955, -0.014940152876079082, -0.014266882091760635, -0.013593612238764763, -0.01292034238576889, -0.012247072532773018, -0.011573802679777145, -0.010900532826781273, -0.010227263905107975, -0.009553994052112103, -0.008880725130438805, -0.008207455277442932, -0.00753418542444706, -0.0068609160371124744, -0.006187646184116602, -0.0055143763311207294, -0.004841106943786144, -0.004167837090790272, -0.0034945644438266754, -0.002821294590830803, -0.002148024970665574, -0.0014747553505003452, -0.0008014854975044727, -0.00012821564450860023, 0.000545053742825985, 0.0012183235958218575, 0.0018915943801403046, 0.002564864233136177, 0.003238133853301406, 0.003911403473466635, 0.004584673326462507, 0.00525794317945838, 0.005931212566792965, 0.006604482419788837, 0.007277751341462135, 0.007951021194458008, 0.00862429104745388, 0.009297560900449753, 0.009970830753445625, 0.010644100606441498, 0.011317369528114796, 0.011990639381110668, 0.01266390923410654, 0.013337179087102413, 0.014010448940098286, 0.014683717861771584, 0.015356987714767456, 0.01603025756776333, 0.0167035274207592, 0.017376797273755074, 0.018050067126750946]}, "gradients/linear_functions.0.bias": {"_type": "histogram", "values": [1.0, 0.0, 0.0, 0.0, 0.0, 0.0, 0.0, 0.0, 0.0, 0.0, 0.0, 0.0, 1.0, 2.0, 0.0, 0.0, 0.0, 2.0, 0.0, 0.0, 1.0, 1.0, 0.0, 1.0, 1.0, 0.0, 1.0, 0.0, 0.0, 0.0, 1.0, 1.0, 1.0, 2.0, 2.0, 1.0, 2.0, 1.0, 1.0, 3.0, 4.0, 7.0, 3.0, 1.0, 2.0, 0.0, 1.0, 1.0, 0.0, 0.0, 0.0, 1.0, 0.0, 0.0, 0.0, 0.0, 0.0, 0.0, 0.0, 2.0, 1.0, 0.0, 0.0, 1.0], "bins": [-0.0011368256527930498, -0.0011090238112956285, -0.0010812220862135291, -0.0010534202447161078, -0.0010256185196340084, -0.0009978166781365871, -0.0009700148948468268, -0.0009422131115570664, -0.0009144113282673061, -0.0008866095449775457, -0.0008588077616877854, -0.000831005978398025, -0.0008032041369006038, -0.0007754023536108434, -0.0007476005703210831, -0.0007197987870313227, -0.0006919970037415624, -0.000664195220451802, -0.0006363934371620417, -0.0006085915956646204, -0.00058078981237486, -0.0005529880290850997, -0.0005251862457953393, -0.000497384462505579, -0.00046958262100815773, -0.0004417808377183974, -0.00041397902532480657, -0.0003861772420350462, -0.00035837545874528587, -0.00033057364635169506, -0.0003027718630619347, -0.00027497007977217436, -0.000247168296482414, -0.00021936649864073843, -0.00019156471535097808, -0.0001637629175093025, -0.00013596113421954215, -0.00010815933637786657, -8.035753853619099e-05, -5.2555755246430635e-05, -2.4753971956670284e-05, 3.0478204280370846e-06, 3.0849612812744454e-05, 5.8651407016441226e-05, 8.645319758215919e-05, 0.00011425498814787716, 0.00014205678598955274, 0.0001698585692793131, 0.0001976603816729039, 0.00022546217951457947, 0.00025326397735625505, 0.0002810657606460154, 0.00030886754393577576, 0.0003366693272255361, 0.0003644711396191269, 0.00039227292290888727, 0.0004200747353024781, 0.0004478765185922384, 0.00047567833098582923, 0.0005034800851717591, 0.0005312819266691804, 0.0005590837099589407, 0.0005868854932487011, 0.0006146872765384614, 0.0006424890598282218]}, "gradients/linear_functions.0.weight": {"_type": "histogram", "values": [1.0, 1.0, 0.0, 0.0, 1.0, 1.0, 0.0, 1.0, 1.0, 1.0, 2.0, 2.0, 2.0, 5.0, 5.0, 5.0, 4.0, 8.0, 6.0, 15.0, 20.0, 16.0, 16.0, 21.0, 22.0, 28.0, 30.0, 49.0, 50.0, 64.0, 85.0, 102.0, 130.0, 150.0, 218.0, 305.0, 457.0, 801.0, 3307.0, 534.0, 226.0, 116.0, 89.0, 70.0, 45.0, 28.0, 34.0, 21.0, 19.0, 16.0, 17.0, 12.0, 5.0, 9.0, 7.0, 5.0, 1.0, 5.0, 3.0, 3.0, 0.0, 1.0, 0.0, 2.0], "bins": [-0.012390264309942722, -0.012068841606378555, -0.011747418902814388, -0.011425996199250221, -0.01110457256436348, -0.010783149860799313, -0.010461727157235146, -0.010140304453670979, -0.009818881750106812, -0.009497459046542645, -0.009176036342978477, -0.008854612708091736, -0.008533190004527569, -0.008211767300963402, -0.007890344597399235, -0.007568921893835068, -0.007247498724609613, -0.006926076021045446, -0.006604652851819992, -0.006283230148255825, -0.005961807444691658, -0.005640384741127491, -0.005318961571902037, -0.00499753886833787, -0.004676115699112415, -0.004354692995548248, -0.004033269826322794, -0.003711847122758627, -0.00339042441919446, -0.0030690014827996492, -0.0027475785464048386, -0.0024261558428406715, -0.0021047331392765045, -0.0017833103192970157, -0.0014618874993175268, -0.0011404645629227161, -0.0008190417429432273, -0.0004976189229637384, -0.00017619598656892776, 0.00014522671699523926, 0.0004666494205594063, 0.0007880722405388951, 0.001109495060518384, 0.0014309179969131947, 0.0017523408168926835, 0.0020737636368721724, 0.002395186573266983, 0.00271660927683115, 0.0030380324460566044, 0.003359455382451415, 0.003680878086015582, 0.004002301022410393, 0.00432372372597456, 0.004645146429538727, 0.004966569598764181, 0.005287992302328348, 0.0056094154715538025, 0.0059308381751179695, 0.006252261344343424, 0.006573684047907591, 0.006895106751471758, 0.007216529920697212, 0.007537952624261379, 0.007859375327825546, 0.008180798031389713]}, "gradients/conv_functions.2.weight": {"_type": "histogram",